"# Field-Coupled Primal Logic: alpha=0.535000, lambda=0.118750, field=0.00"
"# Lipschitz: 0.133859, Stable: True"
# Generated: 2025-11-26T06:11:34.181554

t,psi,error,Ec,velocity,F_field,distance
0.0,1.0,0.1,0.0,0.0,0.0,1.0
0.01,0.9993475,0.0985,0.009993475,0.01,0.0,1.0062830199416763
0.02,0.9986877498437501,0.0970081525,0.0199803524984375,0.019993475,0.0,1.0125650477216688
0.03,0.9980208017566856,0.09552442398765625,0.029960560516004354,0.0299803524984375,0.0,1.0188450913349674
0.04,0.9973467077229335,0.09404878106596128,0.03993402759323369,0.039960560516004356,0.0,1.0251221590898847
0.05,0.9966655194862154,0.09258119045290854,0.04990068278809584,0.04993402759323369,0.0,1.0313952597646567
0.06,0.9959772885507486,0.09112161898115778,0.059860455673603326,0.05990068278809584,0.0,1.0376634027639664
0.07,0.9952820661821438,0.08967003359770125,0.06981327633542476,0.06986045567360333,0.0,1.0439255982753717
0.08,0.9945799034083002,0.08822640136353059,0.07975907536950777,0.07981327633542476,0.0,1.0501808574256075
0.09,0.9938708510202977,0.08679068945330463,0.08969778387971075,0.08975907536950777,0.0,1.056428192436741
0.1,0.9931549595732863,0.08536286515501781,0.09962933347544362,0.09969778387971075,0.0,1.0626666167821521
0.11,0.9924322793873723,0.08394289586966944,0.10955365626931735,0.10962933347544361,0.0,1.068895145342319
0.12,0.9917028605485025,0.08253074911093372,0.11947068487480238,0.11955365626931733,0.0,1.0751127945603784
0.13,0.9909667529093447,0.08112639250483054,0.12938035240389584,0.12947068487480234,0.0,1.0813185825974418
0.14,0.9902240060901657,0.07972979378939704,0.1392825924647975,0.1393803524038958,0.0,1.087511529487638
0.15,0.9894746694797069,0.0783409208143599,0.14917733915959455,0.14928259246479744,0.0,1.0936906572928624
0.16,0.9887187922360565,0.07695974154080838,0.15906452708195512,0.1591773391595945,0.0,1.0998549902572035
0.17,0.9879564232875195,0.07558622404086829,0.16894409131483032,0.16906452708195507,0.0,1.1060035549610274
0.18,0.9871876113334842,0.07422033649737643,0.17881596742816516,0.17894409131483027,0.0,1.1121353804746905
0.19,0.9864124048452867,0.07286204720355606,0.18868009147661802,0.18881596742816512,0.0,1.1182494985118623
0.2,0.9856308520670719,0.07151132456269299,0.19853639999728873,0.19868009147661797,0.0,1.1243449435824273
0.21,0.9848430010166527,0.07016813708781246,0.20838483000745525,0.20853639999728868,0.0,1.1304207531449484
0.22,0.9840488994863652,0.06883245340135674,0.2182253190023189,0.2183848300074552,0.0,1.1364759677586627
0.23,0.9832485950439224,0.06750424223486359,0.22805780495275813,0.22822531900231885,0.0,1.142509631234988
0.24,0.9824421350332643,0.06618347242864535,0.23788222630309078,0.23805780495275808,0.0,1.1485207907885175
0.25,0.9816295665754056,0.06487011293146885,0.24769852196884484,0.24788222630309073,0.0,1.1545084971874737
0.26,0.9808109365692806,0.06356413280023611,0.25750663133453766,0.2576985219688448,0.0,1.1604718049036047
0.27,0.9799862916925859,0.062265501199665646,0.2673064942514635,0.2675066313345376,0.0,1.1664097722614932
0.28,0.9791556784026192,0.06097418740197473,0.27709805103548973,0.2773064942514635,0.0,1.1723214615872586
0.29,0.9783191429371166,0.05969016078656224,0.2868812424648609,0.2870980510354897,0.0,1.1782059393566253
0.3,0.9774767313150869,0.05841339083969231,0.29665600977801176,0.29688124246486086,0.0,1.184062276342339
0.31,0.9766284893376427,0.057143847154178765,0.3064222946713882,0.3066560097780117,0.0,1.1898895477609006
0.32,0.975774462588829,0.055881499429070225,0.3161800392972765,0.31642229467138816,0.0,1.1956868334186013
0.33,0.9749146964364503,0.05462631746933604,0.325929186261641,0.32618003929727646,0.0,1.2014532178568313
0.34,0.9740492360328931,0.05337827118555291,0.33566967862196995,0.335929186261641,0.0,1.2071877904966422
0.35000000000000003,0.9731781263159467,0.052137330593592254,0.34540145988512944,0.3456696786219699,0.0,1.2128896457825364
0.36,0.9723014120096222,0.050903465814308345,0.3551244740052257,0.3554014598851294,0.0,1.2185578833254664
0.37,0.9714191376249673,0.04967664707322718,0.36483866538147536,0.36512447400522563,0.0,1.2241916080450161
0.38,0.9705313474608794,0.048456844700236076,0.37454397885608415,0.3748386653814753,0.0,1.2297899303107438
0.39,0.9696380856049159,0.047244029129274015,0.38424035971213333,0.3845439788560841,0.0,1.2353519660826662
0.4,0.9687393959341017,0.04603817089802273,0.39392775367147437,0.3942403597121333,0.0,1.2408768370508576
0.41000000000000003,0.9678353221157344,0.04483924064759851,0.4036061068926317,0.4039277536714743,0.0,1.2463636707741457
0.42,0.9669259076081866,0.04364720912224478,0.41327536596871356,0.41360610689263166,0.0,1.2518116008178803
0.43,0.9660111956617059,0.04246204716902537,0.4229354779253306,0.4232753659687135,0.0,1.2572197668907532
0.44,0.9650912293192119,0.04128372573751854,0.4325863902185227,0.43293547792533055,0.0,1.262587314980648
0.45,0.964166051417091,0.040112215879511734,0.4422280507326936,0.44258639021852264,0.0,1.2679133974894983
0.46,0.9632357045859886,0.038947488748697086,0.4518604077785535,0.45222805073269357,0.0,1.2731971733671346
0.47000000000000003,0.9623002312515982,0.03778951560036761,0.4614834100910695,0.4618604077785535,0.0,1.278437808244094
0.48,0.9613596736354489,0.036638267791114176,0.471097006827424,0.4714834100910695,0.0,1.2836344745633783
0.49,0.9604140737556893,0.03549371677852316,0.4807011475649809,0.48109700682742396,0.0,1.2887863517111338
0.5,0.9594634734278695,0.034355834120874854,0.4902957822992596,0.49070114756498084,0.0,1.2938926261462367
0.51,0.9585079142657206,0.03322459147684261,0.4998808614419168,0.5002957822992595,0.0,1.2989524915287594
0.52,0.9575474376819312,0.03209996060519268,0.5094563358187361,0.5098808614419167,0.0,1.3039651488473027
0.53,0.9565820848889217,0.030981913364484782,0.5190221566676253,0.519456335818736,0.0,1.308929806545167
0.54,0.9556118968996161,0.02987042171277344,0.5285782756366214,0.5290221566676252,0.0,1.3138456806453502
0.55,0.9546369145282112,0.028765457707309955,0.5381246447819035,0.5385782756366213,0.0,1.3187119948743449
0.56,0.9536571783909431,0.027666993504245195,0.5476612165658129,0.5481246447819034,0.0,1.3235279807847222
0.5700000000000001,0.9526727289068516,0.026575001358333027,0.5571879438548815,0.5576612165658128,0.0,1.3282928778764782
0.58,0.9516836062985418,0.025489453622634512,0.5667047799178668,0.5671879438548814,0.0,1.3330059337171258
0.59,0.9506898505929433,0.024410322748222798,0.5762116784237963,0.5767047799178667,0.0,1.3376664040605122
0.6,0.9496915016220672,0.023337581283888742,0.5857085934400169,0.5862116784237962,0.0,1.3422735529643444
0.61,0.9486885990237598,0.022271201875847232,0.5951954794302545,0.5957085934400168,0.0,1.3468266529064026
0.62,0.9476811822424549,0.021211157267444235,0.6046722912526791,0.6051954794302544,0.0,1.3513249848994247
0.63,0.9466692905299228,0.02015742029886456,0.6141389841579783,0.614672291252679,0.0,1.3557678386046426
0.64,0.9456529629460174,0.019109963906840315,0.6235955137874385,0.6241389841579782,0.0,1.3601545124439536
0.65,0.9446322383594206,0.018068761124360098,0.6330418361710327,0.6335955137874384,0.0,1.3644843137107059
0.66,0.943607155448384,0.017033785080378876,0.6424779077255166,0.6430418361710326,0.0,1.3687565586790869
0.67,0.9425777527014692,0.016005008999528596,0.6519036852525313,0.6524779077255165,0.0,1.372970572712091
0.68,0.9415440684182836,0.014982406201829484,0.6613191259367142,0.6619036852525312,0.0,1.377125690368052
0.6900000000000001,0.9405061407102168,0.013965950102402053,0.6707241873438163,0.6713191259367141,0.0,1.381221255505724
0.7000000000000001,0.9394640075011712,0.012955614211179826,0.680118827418828,0.6807241873438162,0.0,1.3852566213878945
0.71,0.9384177065282934,0.011951372132622755,0.689503004484111,0.6901188274188279,0.0,1.3892311507835116
0.72,0.9373672753427006,0.010953197565431347,0.698876677237538,0.6995030044841108,0.0,1.3931442160683094
0.73,0.9363127513102062,0.00996106430226149,0.7082398047506401,0.7088766772375379,0.0,1.3969951993239176
0.74,0.9352541716120424,0.008974946229439977,0.7175923464667605,0.71823980475064,0.0,1.4007834924354383
0.75,0.9341915732455806,0.007994817326680734,0.7269342621992163,0.7275923464667604,0.0,1.4045084971874737
0.76,0.9331249930250491,0.00702065166680175,0.7362655121294668,0.7369342621992162,0.0,1.408169625358592
0.77,0.9320544675822493,0.006052423415442692,0.7455860568052892,0.7462655121294667,0.0,1.4117662988142137
0.78,0.930980033367268,0.005090106830783229,0.7548958571389619,0.7555860568052891,0.0,1.4152979495979063
0.79,0.929901726649189,0.004133676263262045,0.7641948744054538,0.7648958571389618,0.0,1.418764020021071
0.8,0.9288195835168016,0.003183106155296546,0.7734830702406218,0.7741948744054536,0.0,1.4221639627510076
0.81,0.9277336398793062,0.0022383710410032614,0.7827604066394148,0.7834830702406217,0.0,1.425497240897346
0.8200000000000001,0.926643931467019,0.0012994455459189387,0.792026845954085,0.7927604066394147,0.0,1.4287633280968262
0.8300000000000001,0.9255504938320726,0.0003663043867223251,0.8012823508924057,0.8020268459540849,0.0,1.4319617085964178
0.84,0.9244533623491159,-0.0005610776290433592,0.8105268845158969,0.8112823508924056,0.0,1.4350918773347627
0.85,0.923352572216011,-0.0014827256032472584,0.819760410238057,0.8205268845158968,0.0,1.4381533400219317
0.86,0.9222481584545271,-0.002398664547447033,0.8289828918226023,0.8297604102380569,0.0,1.4411456132174765
0.87,0.9211401559110335,-0.0033089193831643254,0.8381942933817127,0.8389828918226022,0.0,1.4440682244067722
0.88,0.9200285992571892,-0.004213514942159538,0.8473945793742846,0.8481942933817126,0.0,1.4469207120756318
0.89,0.9189135229906307,-0.005112475966705929,0.8565837146041909,0.8573945793742845,0.0,1.4497026257831855
0.9,0.9177949614356574,-0.00600582710986303,0.8657616642185475,0.8665837146041908,0.0,1.4524135262330098
0.91,0.9166729487439148,-0.0068935929357493726,0.8749283937059866,0.8757616642185474,0.0,1.4550529853424978
0.92,0.9155475188950751,-0.007775797919814541,0.8840838688949374,0.8849283937059865,0.0,1.4576205863104588
0.93,0.9144187056975163,-0.008652466449110543,0.8932280559519126,0.8940838688949373,0.0,1.460115923682935
0.9400000000000001,0.9132865427889977,-0.009523622822562507,0.9023609213798025,0.9032280559519125,0.0,1.462538603417229
0.9500000000000001,0.912151063637335,-0.010389291251238691,0.9114824320161758,0.9123609213798024,0.0,1.4648882429441257
0.96,0.9110123015410715,-0.011249495858619833,0.9205925550315865,0.9214824320161757,0.0,1.467164471228306
0.97,0.9098702896301478,-0.012104260680867805,0.929691257927888,0.9305925550315864,0.0,1.469366928826937
0.98,0.9087250608665693,-0.012953609667093614,0.9387785085365536,0.9396912579278879,0.0,1.4714952679464322
0.99,0.9075766480450713,-0.013797566679624715,0.9478542750170044,0.9487785085365535,0.0,1.4735491524973723
1.0,0.9064250837937818,-0.014636155494271663,0.9569185258549422,0.9578542750170043,0.0,1.4755282581475768
1.01,0.9052704005748824,-0.015469399800594088,0.9659712298606911,0.9669185258549421,0.0,1.4774322723733215
1.02,0.9041126306852666,-0.016297323202165998,0.9750123561675438,0.975971229860691,0.0,1.479260894508688
1.03,0.9029518062571963,-0.017119949216840433,0.9840418742301158,0.9850123561675437,0.0,1.481013835793043
1.04,0.9017879592589557,-0.01793730127701343,0.9930597538227054,0.9940418742301157,0.0,1.482690819416637
1.05,0.9006211214955037,-0.01874940272988732,1.0020659650376604,1.0030597538227053,0.0,1.4842915805643155
1.06,0.8994513246091228,-0.019556276837733387,1.0110604782837516,1.0120659650376602,0.0,1.485815866457337
1.07,0.8982786000800675,-0.020357946778153842,1.0200432642845523,1.0210604782837513,0.0,1.4872634363932886
1.08,0.8971029792272094,-0.02115443564434314,1.0290142940768243,1.030043264284552,0.0,1.4886340617840967
1.09,0.8959244932086798,-0.021945766445348635,1.037973539008911,1.039014294076824,0.0,1.4899275261921234
1.1,0.8947431730225119,-0.02273196210633057,1.0469209707391363,1.0479735390089109,0.0,1.4911436253643444
1.11,0.8935590495072788,-0.02351304546882143,1.055856561234209,1.056920970739136,0.0,1.4922821672646027
1.12,0.8923721533427308,-0.024289039290984603,1.0647802827676363,1.0658565612342088,0.0,1.493342972103934
1.1300000000000001,0.8911825150504296,-0.02505996624787241,1.0736921079181405,1.074780282767636,0.0,1.494325872368957
1.1400000000000001,0.8899901649943811,-0.02582584893168348,1.0825920095680843,1.0836921079181403,0.0,1.4952307128483255
1.1500000000000001,0.8887951333816658,-0.02658670985201944,1.091479960901901,1.092592009568084,0.0,1.496057350657239
1.16,0.8875974502630668,-0.02734257143614101,1.1003559354045316,1.1014799609019008,0.0,1.4968056552600042
1.17,0.8863971455336961,-0.02809345602922337,1.1092199068598685,1.1103559354045314,0.0,1.4974755084906501
1.18,0.8851942489336184,-0.02883938589461095,1.1180718493492048,1.1192199068598683,0.0,1.4980668045715864
1.19,0.8839887900484735,-0.029580383214071512,1.1269117372496895,1.1280718493492046,0.0,1.498579450130307
1.2,0.8827807983100957,-0.030316470088049628,1.1357395452327905,1.1369117372496893,0.0,1.499013364214136
1.21,0.8815703029971313,-0.031047668535919476,1.144555248262762,1.1457395452327903,0.0,1.4993684783030088
1.22,0.8803573332356551,-0.031774000496237007,1.1533588215951185,1.1545552482627617,0.0,1.4996447363202945
1.23,0.8791419179997829,-0.03249548782699148,1.1621502407751163,1.1633588215951183,0.0,1.49984209464165
1.24,0.8779240861122838,-0.03321215230585631,1.1709294816362392,1.172150240775116,0.0,1.4999605221019081
1.25,0.8767038662451891,-0.03392401563043931,1.179696520298691,1.180929481636239,0.0,1.5
1.26,0.8754812869204002,-0.0346310994185323,1.1884513331678952,1.1896965202986909,0.0,1.4999605221019081
1.27,0.8742563765102931,-0.03533342520836004,1.197193896932998,1.198451333167895,0.0,1.49984209464165
1.28,0.8730291632383224,-0.03603101445882853,1.2059241885653813,1.2071938969329978,0.0,1.4996447363202945
1.29,0.8717996751796221,-0.03672388854977271,1.2146421853171776,1.215924188565381,0.0,1.4993684783030088
1.3,0.870567940261605,-0.03741206878220347,1.2233478647197937,1.2246421853171774,0.0,1.499013364214136
1.31,0.8693339862645596,-0.038095576378554055,1.2320412045824394,1.2333478647197935,0.0,1.498579450130307
1.32,0.8680978408222452,-0.03877443248292584,1.2407221829906618,1.2420412045824392,0.0,1.4980668045715861
1.33,0.8668595314224851,-0.03944865816133346,1.2493907783048868,1.2507221829906616,0.0,1.4974755084906501
1.34,0.8656190854077578,-0.040118274401949275,1.2580469691589644,1.2593907783048865,0.0,1.4968056552600042
1.35,0.8643765299757856,-0.04078330211534729,1.2666907344587224,1.2680469691589642,0.0,1.496057350657239
1.36,0.8631318921801223,-0.041443762134746334,1.2753220533805236,1.2766907344587222,0.0,1.4952307128483255
1.37,0.8618851989307376,-0.04209967521625273,1.283940905369831,1.2853220533805234,0.0,1.494325872368957
1.3800000000000001,0.8606364769946003,-0.0427510620391022,1.2925472701397769,1.2939409053698308,0.0,1.493342972103934
1.3900000000000001,0.8593857529962601,-0.04339794320590129,1.3011411276697396,1.3025472701397767,0.0,1.4922821672646027
1.4000000000000001,0.8581330534184255,-0.04404033924286804,1.3097224582039237,1.3111411276697393,0.0,1.4911436253643444
1.41,0.8568784046025417,-0.04467827060007213,1.318291242249949,1.3197224582039235,0.0,1.4899275261921234
1.42,0.8556218327493658,-0.04531175765167431,1.3268474605774427,1.3282912422499489,0.0,1.4886340617840967
1.43,0.8543633639195395,-0.045940820696165306,1.335391094216638,1.3368474605774425,0.0,1.4872634363932886
1.44,0.8531030240341605,-0.04656547995660402,1.3439221244569797,1.3453910942166378,0.0,1.485815866457337
1.45,0.8518408388753521,-0.04718575558085516,1.3524405328457332,1.3539221244569795,0.0,1.4842915805643155
1.46,0.85057683408683,-0.04780166764182624,1.3609463011866014,1.362440532845733,0.0,1.482690819416637
1.47,0.8493110351744682,-0.04841323613770394,1.3694394115383461,1.3709463011866012,0.0,1.481013835793043
1.48,0.8480434675068618,-0.049020480992189884,1.3779198462134148,1.379439411538346,0.0,1.479260894508688
1.49,0.8467741563158891,-0.0496234220547358,1.3863875877765737,1.3879198462134146,0.0,1.4774322723733215
1.5,0.8455031266972712,-0.05022207910077801,1.3948426190435463,1.3963875877765735,0.0,1.4755282581475768
1.51,0.8442304036111291,-0.05081647183197139,1.4032849230796576,1.4048426190435461,0.0,1.4735491524973723
1.52,0.8429560118825399,-0.051406619876422664,1.411714483198483,1.4132849230796574,0.0,1.4714952679464322
1.53,0.8416799762020905,-0.05199254278892309,1.4201312829605037,1.4217144831984827,0.0,1.469366928826937
1.54,0.8404023211264298,-0.052574260051180564,1.428535306171768,1.4301312829605035,0.0,1.467164471228306
1.55,0.8391230710788183,-0.05315179107205109,1.4369265368825563,1.4385353061717678,0.0,1.4648882429441257
1.56,0.8378422503496767,-0.05372515518776965,1.4453049593860532,1.4469265368825561,0.0,1.462538603417229
1.57,0.8365598830971319,-0.05429437166218048,1.4536705582170244,1.455304959386053,0.0,1.460115923682935
1.58,0.8352759933475614,-0.054859459686966705,1.4620233181505,1.4636705582170242,0.0,1.4576205863104588
1.59,0.8339906049961359,-0.05542043838187943,1.4703632242004614,1.4720233181504998,0.0,1.4550529853424978
1.6,0.83270374180736,-0.05597732679496617,1.478690261618535,1.4803632242004612,0.0,1.4524135262330098
1.61,0.8314154274156107,-0.0565301439027987,1.487004415892691,1.4886902616185347,0.0,1.4497026257831855
1.62,0.8301256853256747,-0.05707890861070032,1.4953056727459477,1.4970044158926907,0.0,1.4469207120756318
1.6300000000000001,0.8288345389132832,-0.057623639752972494,1.5035940181350806,1.5053056727459475,0.0,1.4440682244067724
1.6400000000000001,0.8275420114256452,-0.058164356093120914,1.5118694382493372,1.5135940181350804,0.0,1.4411456132174767
1.6500000000000001,0.826248125981979,-0.058701076324080954,1.520131919509157,1.521869438249337,0.0,1.4381533400219317
1.6600000000000001,0.8249529055740417,-0.05923381906844253,1.5283814485648974,1.5301319195091567,0.0,1.4350918773347627
1.67,0.8236563730666563,-0.05976260287867436,1.536618012295564,1.5383814485648972,0.0,1.4319617085964178
1.68,0.8223585511982388,-0.06028744623734764,1.5448415978075463,1.5466180122955637,0.0,1.4287633280968262
1.69,0.821059462581321,-0.06080836755735915,1.5530521924333596,1.554841597807546,0.0,1.4254972408973459
1.7,0.8197591297030739,-0.06132538518215367,1.5612497837303903,1.5630521924333594,0.0,1.4221639627510076
1.71,0.8184575749258269,-0.06183851738594598,1.5694343594796485,1.57124978373039,0.0,1.418764020021071
1.72,0.8171548204875877,-0.062347782373942076,1.5776059076845244,1.5794343594796483,0.0,1.4152979495979063
1.73,0.815850888502558,-0.06285319828255995,1.58576441656955,1.5876059076845241,0.0,1.4117662988142137
1.74,0.8145458009616495,-0.06335478317964971,1.5939098745791664,1.5957644165695497,0.0,1.408169625358592
1.75,0.8132395797329964,-0.06385255506471312,1.6020422703764965,1.6039098745791662,0.0,1.4045084971874737
1.76,0.8119322465624673,-0.06434653186912255,1.6101615928421211,1.6120422703764963,0.0,1.4007834924354383
1.77,0.8106238230741746,-0.0648367314563394,1.6182678310728629,1.620161592842121,0.0,1.3969951993239178
1.78,0.8093143307709826,-0.06532317162213189,1.6263609743805727,1.6282678310728627,0.0,1.3931442160683094
1.79,0.8080037910350136,-0.0658058700947922,1.6344410122909228,1.6363609743805725,0.0,1.3892311507835118
1.8,0.8066922251281524,-0.06628484453535326,1.6425079345422042,1.6444410122909225,0.0,1.3852566213878945
1.81,0.8053796541925486,-0.06676011253780464,1.6505617310841296,1.652507934542204,0.0,1.3812212555057242
1.82,0.8040660992511177,-0.06723169162930817,1.6586023920766408,1.6605617310841294,0.0,1.3771256903680518
1.83,0.8027515812080402,-0.06769959927041275,1.6666299078887212,1.6686023920766406,0.0,1.372970572712091
1.84,0.801436120849259,-0.06816385285526873,1.6746442690972139,1.676629907888721,0.0,1.3687565586790869
1.85,0.8001197388429748,-0.06862446971184165,1.6826454664856436,1.6846442690972137,0.0,1.3644843137107057
1.86,0.7988024557401404,-0.06908146710212541,1.690633491043045,1.6926454664856434,0.0,1.3601545124439534
1.87,0.7974842919749526,-0.06953486222235493,1.6986083339627944,1.7006334910430447,0.0,1.3557678386046426
1.8800000000000001,0.7961652678653428,-0.0699846722032181,1.7065699866414479,1.7086083339627942,0.0,1.3513249848994247
1.8900000000000001,0.7948454036134655,-0.07043091411006736,1.7145184406775826,1.7165699866414477,0.0,1.3468266529064024
1.9000000000000001,0.7935247193061856,-0.07087360494313048,1.7224536878706445,1.7245184406775824,0.0,1.3422735529643444
1.9100000000000001,0.7922032349155638,-0.07131276163772102,1.7303757202198,1.7324536878706442,0.0,1.3376664040605122
1.92,0.7908809702993397,-0.07174840106444798,1.7382845299227934,1.7403757202197998,0.0,1.3330059337171258
1.93,0.7895579452014144,-0.07218054002942507,1.7461801093748075,1.7482845299227932,0.0,1.3282928778764784
1.94,0.7882341792523303,-0.07260919527447936,1.7540624511673308,1.7561801093748073,0.0,1.3235279807847222
1.95,0.7869096919697497,-0.07303438347735929,1.7619315480870283,1.7640624511673306,0.0,1.3187119948743449
1.96,0.7855845027589318,-0.07345612125194224,1.7697873931146177,1.7719315480870281,0.0,1.3138456806453502
1.97,0.7842586309132077,-0.07387442514844146,1.7776299794237498,1.7797873931146175,0.0,1.3089298065451673
1.98,0.7829320956144541,-0.07428931165361247,1.7854593003798944,1.7876299794237496,0.0,1.3039651488473027
1.99,0.7816049159335651,-0.07470079719095886,1.7932753495392302,1.7954593003798942,0.0,1.2989524915287596
2.0,0.7802771108309223,-0.07510889812093763,1.8010781206475395,1.80327534953923,0.0,1.2938926261462367
2.0100000000000002,0.7789486991568636,-0.07551363074116386,1.8088676076391081,1.8110781206475393,0.0,1.2887863517111338
2.02,0.7776196996521496,-0.0759150112866149,1.8166438046356297,1.818867607639108,0.0,1.2836344745633783
2.0300000000000002,0.7762901309484292,-0.07631305592983398,1.824406705945114,1.8266438046356295,0.0,1.278437808244094
2.04,0.7749600115687034,-0.07670778078113324,1.8321563060608008,1.8344067059451137,0.0,1.2731971733671346
2.05,0.7736293599277865,-0.07709920188879628,1.8398925996600788,1.8421563060608006,0.0,1.2679133974894985
2.06,0.7722981943327671,-0.07748733523928009,1.8476155816034066,1.8498925996600786,0.0,1.2625873149806481
2.07,0.7709665329834668,-0.07787219675741645,1.8553252469332413,1.8576155816034063,0.0,1.2572197668907532
2.08,0.7696343939728968,-0.07825380230661284,1.8630215908729704,1.865325246933241,0.0,1.2518116008178803
2.09,0.7683017952877136,-0.07863216768905268,1.8707046088258474,1.8730215908729702,0.0,1.2463636707741461
2.1,0.766968754808673,-0.07900730864589513,1.8783742963739343,1.8807046088258472,0.0,1.2408768370508576
2.11,0.7656352903110821,-0.07937924085747433,1.8860306492770451,1.888374296373934,0.0,1.2353519660826664
2.12,0.7643014194652502,-0.07974797994349804,1.8936736634716975,1.896030649277045,0.0,1.2297899303107438
2.13,0.7629671598369375,-0.0801135414632458,1.901303335070067,1.9036736634716973,0.0,1.2241916080450164
2.14,0.7616325288878028,-0.08047594091576651,1.9089196603589451,1.9113033350700668,0.0,1.2185578833254664
2.15,0.7602975439758491,-0.08083519374007549,1.9165226357987035,1.918919660358945,0.0,1.2128896457825364
2.16,0.7589622223558684,-0.08119131531535095,1.9241122580222623,1.9265226357987033,0.0,1.207187790496642
2.17,0.7576265811798837,-0.08154432096113007,1.931688523834061,1.934112258022262,0.0,1.2014532178568313
2.18,0.7562906374975905,-0.0818942259375043,1.939251430209037,1.9416885238340609,0.0,1.1956868334186013
2.19,0.7549544082567965,-0.08224104544531437,1.9468009742916048,1.9492514302090367,0.0,1.1898895477609006
2.2,0.7536179103038592,-0.08258479462634459,1.9543371533946434,1.9568009742916046,0.0,1.184062276342339
2.21,0.7522811603841224,-0.08292548856351672,1.9618599649984847,1.9643371533946432,0.0,1.1782059393566253
2.22,0.7509441751423515,-0.08326314228108327,1.9693694067499081,1.9718599649984845,0.0,1.1723214615872586
2.23,0.7496069711231661,-0.08359777074482021,1.9768654764611397,1.979369406749908,0.0,1.1664097722614932
2.24,0.7482695647714726,-0.08392938886221928,1.9843481721088545,1.9868654764611395,0.0,1.1604718049036047
2.25,0.7469319724328936,-0.08425801148267965,1.9918174918331835,1.9943481721088543,0.0,1.1545084971874737
2.2600000000000002,0.7455942103541972,-0.08458365339769915,1.9992734339367255,2.001817491833183,0.0,1.1485207907885175
2.27,0.7442562946837239,-0.08490632934106485,2.0067159968835626,2.009273433936725,0.0,1.1425096312349883
2.2800000000000002,0.7429182414718123,-0.08522605398904325,2.0141451792982807,2.0167159968835624,0.0,1.1364759677586624
2.29,0.7415800666712231,-0.08554284196056984,2.021560979964993,2.0241451792982805,0.0,1.1304207531449486
2.3000000000000003,0.740241786137562,-0.08585670781743822,2.028963397826369,2.031560979964993,0.0,1.124344943582427
2.31,0.7389034156297003,-0.08616766606448859,2.036352431982666,2.0389633978263686,0.0,1.1182494985118625
2.32,0.737564970810195,-0.08647573114979584,2.043728081690768,2.046352431982666,0.0,1.1121353804746907
2.33,0.7362264672457065,-0.08678091746485705,2.051090346363225,2.053728081690768,0.0,1.1060035549610274
2.34,0.7348879204074152,-0.08708323934477848,2.0584392255672994,2.061090346363225,0.0,1.0998549902572037
2.35,0.7335493456714369,-0.087382711068462,2.065774719024014,2.068439225567299,0.0,1.0936906572928622
2.36,0.7322107583192359,-0.08767934685879113,2.0730968266072063,2.0757747190240137,0.0,1.087511529487638
2.37,0.7308721735380372,-0.08797316088281641,2.0804055483425867,2.083096826607206,0.0,1.0813185825974416
2.38,0.7295336064212378,-0.08826416725194036,2.0877008844067992,2.0904055483425865,0.0,1.0751127945603787
2.39,0.7281950719688147,-0.0885523800221019,2.0949828351264874,2.097700884406799,0.0,1.068895145342319
2.4,0.7268565850877335,-0.08883781319396021,2.102251400977365,2.104982835126487,0.0,1.0626666167821524
2.41,0.7255181605923542,-0.08912048071307814,2.1095065825832884,2.1122514009773647,0.0,1.0564281924367407
2.42,0.7241798132048358,-0.0894003964701051,2.116748380715337,2.119506582583288,0.0,1.0501808574256075
2.43,0.72284155755554,-0.0896775743009594,2.123976796290892,2.1267483807153367,0.0,1.0439255982753717
2.44,0.7215034081834327,-0.08995202798701014,2.1311918303727264,2.133976796290892,0.0,1.0376634027639664
2.45,0.7201653795364844,-0.09022377125525853,2.138393484168091,2.141191830372726,0.0,1.0313952597646565
2.46,0.7188274859720692,-0.09049281777851872,2.1455817590278117,2.148393484168091,0.0,1.025122159089885
2.47,0.7174897417573624,-0.0907591811755982,2.1527566564453853,2.1555817590278115,0.0,1.0188450913349674
2.48,0.716152161069736,-0.09102287501147757,2.1599181780560825,2.162756656445385,0.0,1.0125650477216688
2.49,0.7148147579971543,-0.09128391279748992,2.1670663256360543,2.1699181780560823,0.0,1.0062830199416761
2.5,0.7134775465385661,-0.09154230799149962,2.17420110110144,2.177066325636054,0.0,1.0
2.5100000000000002,0.712140540604297,-0.0917980739980807,2.1813225065074833,2.18420110110144,0.0,0.9937169800583237
2.52,0.7108037540164397,-0.09205122416869459,2.1884305440476477,2.191322506507483,0.0,0.9874349522783314
2.5300000000000002,0.7094672005092426,-0.09230177180186755,2.19552521605274,2.1984305440476475,0.0,0.9811549086650326
2.54,0.7081308937294979,-0.09254973014336745,2.2026065249900353,2.20552521605274,0.0,0.9748778409101153
2.5500000000000003,0.7067948472369271,-0.09279511238638011,2.2096744734624045,2.212606524990035,0.0,0.9686047402353432
2.56,0.7054590745045661,-0.09303793167168513,2.21672906420745,2.2196744734624043,0.0,0.9623365972360336
2.57,0.7041235889191484,-0.09327820108783128,2.2237703000966413,2.2267290642074498,0.0,0.9560744017246288
2.58,0.702788403781487,-0.09351593367131127,2.230798184134456,2.233770300096641,0.0,0.9498191425743926
2.59,0.7014535323068549,-0.0937511424067362,2.2378127194575246,2.240798184134456,0.0,0.9435718075632592
2.6,0.7001189876253645,-0.09398384022700937,2.2448139093337782,2.2478127194575244,0.0,0.9373333832178479
2.61,0.6987847827823449,-0.09421404001349969,2.251801757161602,2.254813909333778,0.0,0.9311048546576811
2.62,0.6974509307387187,-0.09444175459621454,2.2587762664689888,2.2618017571616016,0.0,0.9248872054396216
2.63,0.6961174443713767,-0.09466699675397218,2.2657374409127025,2.2687762664689886,0.0,0.9186814174025585
2.64,0.6947843364735519,-0.0948897792145737,2.272685284277438,2.2757374409127022,0.0,0.9124884705123617
2.65,0.6934516197551915,-0.09511011465497439,2.27961980047499,2.282685284277438,0.0,0.9063093427071378
2.66,0.6921193068433281,-0.09532801570145472,2.2865409935434235,2.28961980047499,0.0,0.9001450097427963
2.67,0.6907874102824488,-0.09554349492979076,2.293448867646248,2.2965409935434233,0.0,0.8939964450389727
2.68,0.6894559425348641,-0.09575656486542426,2.3003434270715966,2.3034488676462477,0.0,0.8878646195253094
2.69,0.688124915981074,-0.095967237983632,2.3072246762314075,2.3103434270715963,0.0,0.8817505014881376
2.7,0.686794342920134,-0.09617552670969493,2.3140926196606086,2.3172246762314073,0.0,0.8756550564175727
2.71,0.6854642355700195,-0.09638144341906658,2.320947262016309,2.3240926196606084,0.0,0.8695792468550516
2.72,0.684134606067988,-0.09658500043754127,2.3277886080769887,2.3309472620163088,0.0,0.8635240322413371
2.73,0.6828054664709414,-0.09678621004142156,2.334616662741698,2.3377886080769885,0.0,0.8574903687650122
2.74,0.6814768287557855,-0.09698508445768539,2.341431431029256,2.3446166627416978,0.0,0.8514792092114825
2.75,0.6801487048197894,-0.09718163586415275,2.348232918077454,2.3514314310292557,0.0,0.8454915028125265
2.7600000000000002,0.6788211064809426,-0.09737587638965178,2.3550211291422634,2.3582329180774537,0.0,0.8395281950963953
2.77,0.6774940454783118,-0.09756781811418447,2.3617960695970464,2.365021129142263,0.0,0.8335902277385067
2.7800000000000002,0.6761675334723954,-0.09775747306909185,2.3685577449317705,2.371796069597046,0.0,0.8276785384127414
2.79,0.6748415820454773,-0.09794485323721878,2.3753061607522254,2.3785577449317703,0.0,0.8217940606433747
2.8000000000000003,0.6735162027019792,-0.09812997055307816,2.382041322779245,2.3853061607522252,0.0,0.815937723657661
2.81,0.6721914068688116,-0.09831283690301475,2.3887632368479332,2.392041322779245,0.0,0.8101104522390996
2.82,0.6708672058957238,-0.09849346412536848,2.3954719089068903,2.398763236847933,0.0,0.804313166581399
2.83,0.6695436110556519,-0.09867186401063736,2.402167345017447,2.40547190890689,0.0,0.7985467821431688
2.84,0.6682206335450663,-0.09884804830163983,2.4088495513528976,2.412167345017447,0.0,0.7928122095033582
2.85,0.6668982844843178,-0.0990220286936767,2.4155185341977408,2.4188495513528974,0.0,0.7871103542174637
2.86,0.6655765749179815,-0.09919381683469264,2.4221742999469207,2.4255185341977405,0.0,0.7814421166745339
2.87,0.6642555158152008,-0.09936342432543716,2.428816855105073,2.4321742999469205,0.0,0.7758083919549837
2.88,0.6629351180700291,-0.09953086271962518,2.435446206285773,2.4388168551050726,0.0,0.7702100696892561
2.89,0.661615392501771,-0.09969614352409709,2.442062360210791,2.445446206285773,0.0,0.7646480339173337
2.9,0.6602963498553213,-0.09985927819897837,2.4486653237093443,2.4520623602107907,0.0,0.7591231629491425
2.91,0.6589780008015035,-0.1000202781578388,2.4552551037173593,2.458665323709344,0.0,0.7536363292258543
2.92,0.6576603559374072,-0.10017915476785111,2.4618317072767333,2.465255103717359,0.0,0.7481883991821197
2.93,0.6563434257867236,-0.10033591934994926,2.4683951415346006,2.471831707276733,0.0,0.7427802331092466
2.94,0.6550272208000796,-0.10049058317898624,2.4749454137426015,2.4783951415346004,0.0,0.7374126850193523
2.95,0.653711751355372,-0.10064315748389138,2.4814825312561553,2.4849454137426013,0.0,0.7320866025105016
2.96,0.6523970277580986,-0.1007936534478273,2.4880065015337363,2.491482531256155,0.0,0.7268028266328653
2.97,0.6510830602416899,-0.10094208220834626,2.4945173321361533,2.498006501533736,0.0,0.7215621917559061
2.98,0.6497698589678382,-0.10108845485754622,2.501015030725832,2.504517332136153,0.0,0.7163655254366217
2.99,0.6484574340268261,-0.10123278244222633,2.5074996050661,2.5110150307258317,0.0,0.7112136482888662
3.0,0.6471457954378533,-0.10137507596404202,2.5139710630204783,2.5174996050661,0.0,0.7061073738537635
3.0100000000000002,0.6458349531493632,-0.10151534637965967,2.520429412551972,2.523971063020478,0.0,0.7010475084712404
3.02,0.6445249170393672,-0.10165360460091073,2.5268746617223656,2.530429412551972,0.0,0.6960348511526975
3.0300000000000002,0.6432156969157681,-0.10178986149494555,2.5333068186915235,2.5368746617223654,0.0,0.6910701934548328
3.04,0.6419073025166826,-0.1019241278843866,2.5397258917166905,2.5433068186915233,0.0,0.68615431935465
3.0500000000000003,0.6405997435107625,-0.10205641454748135,2.5461318891517983,2.5497258917166903,0.0,0.681288005125655
3.06,0.6392930294975145,-0.10218673221825471,2.5525248194467736,2.556131889151798,0.0,0.6764720192152778
3.0700000000000003,0.6379871700076186,-0.10231509158666095,2.5589046911468496,2.5625248194467733,0.0,0.6717071221235218
3.08,0.6366821745032459,-0.10244150329873526,2.565271512891882,2.5689046911468494,0.0,0.6669940662828743
3.09,0.6353780523783751,-0.10256597795674482,2.5716252934156656,2.5752715128918817,0.0,0.6623335959394878
3.1,0.6340748129591072,-0.10268852611933947,2.5779660415452565,2.5816252934156654,0.0,0.6577264470356556
3.11,0.6327724655039798,-0.10280915830170188,2.5842937662002963,2.5879660415452563,0.0,0.6531733470935976
3.12,0.6314710192042797,-0.10292788497569735,2.590608476392339,2.594293766200296,0.0,0.6486750151005755
3.13,0.6301704831843546,-0.10304471657002315,2.5969101812241826,2.6006084763923387,0.0,0.6442321613953574
3.14,0.6288708665019236,-0.10315966347035739,2.603198889889202,2.6069101812241824,0.0,0.6398454875560464
3.15,0.6275721781483862,-0.10327273601950752,2.6094746116706857,2.6131988898892016,0.0,0.6355156862892943
3.16,0.6262744270491306,-0.10338394451755838,2.615737355941177,2.6194746116706855,0.0,0.6312434413209129
3.17,0.6249776220638408,-0.10349329922201972,2.6219871321618156,2.625737355941177,0.0,0.6270294272879089
3.18,0.6236817719868022,-0.10360081034797346,2.6282239498816837,2.6319871321618153,0.0,0.6228743096319481
3.19,0.6223868855472062,-0.10370648806822039,2.6344478187371556,2.6382239498816835,0.0,0.6187787444942761
3.2,0.621092971409454,-0.1038103425134265,2.64065874845125,2.6444478187371554,0.0,0.6147433786121053
3.21,0.6198000381734584,-0.10391238377226882,2.6468567488329846,2.65065874845125,0.0,0.6107688492164884
3.22,0.6185080943749458,-0.10401262189158093,2.653041829776734,2.6568567488329844,0.0,0.6068557839316904
3.23,0.6172171484857556,-0.10411106687649797,2.6592140012615917,2.6630418297767338,0.0,0.6030048006760824
3.24,0.6159272089141395,-0.10420772869060124,2.665373273350733,2.6692140012615915,0.0,0.5992165075645615
3.25,0.6146382840050593,-0.10430261725606238,2.6715196561907835,2.6753732733507327,0.0,0.5954915028125263
3.2600000000000002,0.6133503820404833,-0.10439574245378713,2.677653160011188,2.6815196561907833,0.0,0.591830374641408
3.27,0.6120635112396825,-0.10448711412355868,2.683773795123585,2.687653160011188,0.0,0.5882337011857863
3.2800000000000002,0.6107776797595244,-0.10457674206418058,2.6898815719211804,2.693773795123585,0.0,0.5847020504020937
3.29,0.6094928956947665,-0.1046646360336192,2.6959765008781282,2.69988157192118,0.0,0.5812359799789291
3.3000000000000003,0.6082091670783492,-0.10475080574914587,2.702058592548912,2.705976500878128,0.0,0.5778360372489926
3.31,0.6069265018816857,-0.10483526088747849,2.7081278575677286,2.7120585925489116,0.0,0.5745027591026541
3.3200000000000003,0.6056449080149532,-0.10491801108492278,2.714184306647878,2.7181278575677283,0.0,0.5712366719031737
3.33,0.6043643933273811,-0.10499906593751313,2.720227950581152,2.724184306647878,0.0,0.5680382914035824
3.34,0.6030849656075392,-0.10507843500115294,2.726258800237227,2.7302279505811518,0.0,0.5649081226652373
3.35,0.6018066325836241,-0.1051561277917547,2.7322768665630637,2.736258800237227,0.0,0.5618466599780683
3.36,0.6005294019237452,-0.10523215378537956,2.738282160582301,2.7422768665630635,0.0,0.5588543867825235
3.37,0.5992532812362089,-0.1053065224183764,2.7442746933946633,2.748282160582301,0.0,0.5559317755932277
3.38,0.5979782780698026,-0.10537924308752072,2.7502544761753613,2.754274693394663,0.0,0.553079287924368
3.39,0.5967043999140765,-0.10545032515015293,2.756221520174502,2.760254476175361,0.0,0.5502973742168146
3.4,0.5954316541996253,-0.10551977792431624,2.7621758367164984,2.766221520174502,0.0,0.5475864737669903
3.41,0.5941600482983681,-0.10558761068889429,2.768117437199482,2.772175836716498,0.0,0.5449470146575022
3.42,0.5928895895238282,-0.10565383268374819,2.7740463330947205,2.778117437199482,0.0,0.5423794136895412
3.43,0.5916202851314106,-0.10571845310985327,2.7799625359460345,2.7840463330947203,0.0,0.5398840763170648
3.44,0.5903521423186794,-0.10578148112943542,2.7858660573692213,2.7899625359460343,0.0,0.5374613965827711
3.45,0.5890851682256335,-0.10584292586610691,2.7917569090514776,2.795866057369221,0.0,0.5351117570558743
3.46,0.5878193699349819,-0.10590279640500201,2.7976351027508275,2.8017569090514773,0.0,0.5328355287716939
3.47,0.5865547544724173,-0.10596110179291199,2.8035006502955517,2.8076351027508273,0.0,0.5306330711730629
3.48,0.5852913288068893,-0.10601785103841985,2.8093535635836204,2.8135006502955515,0.0,0.5285047320535678
3.49,0.5840290998508756,-0.10607305311203463,2.8151938545821293,2.81935356358362,0.0,0.5264508475026279
3.5,0.5827680744606533,-0.10612671694632533,2.821021535326736,2.825193854582129,0.0,0.5244717418524232
3.5100000000000002,0.5815082594365684,-0.10617885143605436,2.8268366179211015,2.8310215353267356,0.0,0.5225677276266785
3.52,0.5802496615233046,-0.10622946543831066,2.8326391145363345,2.8368366179211013,0.0,0.520739105491312
3.5300000000000002,0.5789922874101507,-0.10627856777264241,2.838429037410436,2.8426391145363343,0.0,0.5189861642069571
3.54,0.5777361437312676,-0.10632616722118936,2.844206398847749,2.848429037410436,0.0,0.5173091805833632
3.5500000000000003,0.5764812370659533,-0.10637227252881468,2.8499712112184086,2.8542063988477486,0.0,0.5157084194356845
3.56,0.5752275739389083,-0.10641689240323655,2.855723486957798,2.8599712112184084,0.0,0.5141841335426629
3.5700000000000003,0.5739751608204986,-0.10646003551515928,2.861463238566003,2.8657234869577977,0.0,0.5127365636067114
3.58,0.5727240041270182,-0.10650171049840398,2.8671904786072733,2.871463238566003,0.0,0.5113659382159033
3.59,0.5714741102209508,-0.10654192595003899,2.872905219709483,2.877190478607273,0.0,0.5100724738078766
3.6,0.5702254854112307,-0.10658069043050974,2.8786074745635952,2.8829052197094827,0.0,0.5088563746356556
3.61,0.5689781359535017,-0.10661801246376842,2.8842972559231304,2.888607474563595,0.0,0.5077178327353973
3.62,0.5677320680503757,-0.10665390053740309,2.889974576603634,2.89429725592313,0.0,0.506657027896066
3.63,0.5664872878516908,-0.10668836310276646,2.895639449482151,2.899974576603634,0.0,0.505674127631043
3.64,0.565243801454767,-0.10672140857510432,2.901291887496699,2.905639449482151,0.0,0.5047692871516744
3.65,0.5640016149046627,-0.10675304533368356,2.9069319036457455,2.9112918874966986,0.0,0.5039426493427611
3.66,0.5627607341944282,-0.10678328172191981,2.91255951098769,2.9169319036457453,0.0,0.5031943447399958
3.67,0.56152116526536,-0.10681212604750463,2.9181747226403436,2.9225595109876896,0.0,0.5025244915093499
3.68,0.5602829140072533,-0.10683958658253247,2.9237775517804163,2.9281747226403434,0.0,0.5019331954284137
3.69,0.5590459862586531,-0.10686567156362706,2.9293680116430028,2.933777551780416,0.0,0.5014205498696931
3.7,0.5578103878071056,-0.10689038919206757,2.9349461155210737,2.9393680116430025,0.0,0.5009866357858642
3.71,0.5565761243894071,-0.10691374763391434,2.9405118767649676,2.9449461155210734,0.0,0.5006315216969912
3.72,0.5553432016918532,-0.10693575502013418,2.946065308781886,2.9505118767649674,0.0,0.5003552636797053
3.73,0.5541116253504864,-0.10695641944672536,2.9516064250353913,2.956065308781886,0.0,0.50015790535835
3.74,0.5528814009513427,-0.10697574897484222,2.957135239044905,2.961606425035391,0.0,0.5000394778980919
3.75,0.5516525340306976,-0.10699375163091934,2.9626517643852117,2.9671352390449046,0.0,0.5
3.7600000000000002,0.5504250300753107,-0.10701043540679545,2.968156014685965,2.9726517643852115,0.0,0.5000394778980919
3.77,0.5491988945226699,-0.10702580825983678,2.9736480036311916,2.9781560146859647,0.0,0.50015790535835
3.7800000000000002,0.5479741327612341,-0.10703987811306026,2.979127744958804,2.9836480036311914,0.0,0.5003552636797054
3.79,0.5467507501306752,-0.1070526528552562,2.9845952524601107,2.989127744958804,0.0,0.5006315216969912
3.8000000000000003,0.5455287519221194,-0.10706414034111059,2.990050539979332,2.9945952524601105,0.0,0.5009866357858642
3.81,0.544308143378387,-0.10707434839132715,2.995493621413116,3.000050539979332,0.0,0.5014205498696931
3.8200000000000003,0.5430889296942315,-0.10708328479274891,3.000924510710058,3.0054936214131156,0.0,0.5019331954284139
3.83,0.5418711160165784,-0.1070909572984794,3.0063432218702237,3.010924510710058,0.0,0.5025244915093499
3.84,0.5406547074447619,-0.10709737362800358,3.0117497689446715,3.0163432218702235,0.0,0.5031943447399958
3.85,0.5394397090307613,-0.10710254146730831,3.017144166034979,3.0217497689446713,0.0,0.503942649342761
3.86,0.5382261257794372,-0.10710646846900253,3.0225264272927737,3.027144166034979,0.0,0.5047692871516744
3.87,0.5370139626487649,-0.10710916225243695,3.0278965669192615,3.0325264272927734,0.0,0.505674127631043
3.88,0.5358032245500689,-0.10711063040382353,3.033254599164762,3.0378965669192612,0.0,0.506657027896066
3.89,0.5345939163482553,-0.10711088047635448,3.038600538328245,3.043254599164762,0.0,0.5077178327353973
3.9,0.5333860428620432,-0.10710991999032096,3.0439343987568654,3.0486005383282446,0.0,0.5088563746356556
3.91,0.5321796088641962,-0.1071077564332314,3.0492561948455075,3.0539343987568652,0.0,0.5100724738078766
3.92,0.5309746190817523,-0.10710439725992943,3.054565941036325,3.0592561948455073,0.0,0.5113659382159033
3.93,0.529771078196252,-0.10709984989271154,3.059863651818288,3.064565941036325,0.0,0.5127365636067114
3.94,0.5285689908439679,-0.10709412172144424,3.0651493417267273,3.0698636518182876,0.0,0.5141841335426629
3.95,0.527368361616131,-0.10708722010368099,3.0704230253428886,3.075149341726727,0.0,0.5157084194356845
3.96,0.5261691950591572,-0.10707915236477872,3.07568471729348,3.0804230253428884,0.0,0.5173091805833632
3.97,0.5249714956748729,-0.10706992579801398,3.0809344322502286,3.08568471729348,0.0,0.5189861642069571
3.98,0.5237752679207396,-0.10705954766469879,3.086172184929436,3.0909344322502283,0.0,0.520739105491312
3.99,0.5225805162100776,-0.10704802519429603,3.091397990091537,3.096172184929436,0.0,0.5225677276266785
4.0,0.5213872449122887,-0.10703536558453462,3.09661186254066,3.1013979900915367,0.0,0.5244717418524232
4.01,0.5201954583530781,-0.10702157600152423,3.101813817124191,3.10661186254066,0.0,0.5264508475026278
4.0200000000000005,0.5190051608146757,-0.1070066635798697,3.107003868732338,3.1118138171241907,0.0,0.5285047320535678
4.03,0.517816356536056,-0.10699063542278503,3.1121820322976985,3.1170038687323376,0.0,0.5306330711730629
4.04,0.5166290497131575,-0.10697349860220716,3.11734832279483,3.1221820322976983,0.0,0.5328355287716939
4.05,0.5154432444991013,-0.10695526015890928,3.1225027552398212,3.12734832279483,0.0,0.5351117570558742
4.0600000000000005,0.5142589450044084,-0.10693592710261383,3.1276453446898653,3.132502755239821,0.0,0.537461396582771
4.07,0.5130761552972166,-0.10691550641210518,3.1327761062428374,3.137645344689865,0.0,0.5398840763170647
4.08,0.5118948794034964,-0.10689400503534187,3.1378950550368723,3.142776106242837,0.0,0.5423794136895412
4.09,0.5107151213072657,-0.10687142988956866,3.1430022062499448,3.147895055036872,0.0,0.5449470146575022
4.1,0.5095368849508042,-0.10684778786142808,3.148097575099453,3.1530022062499445,0.0,0.54758647376699
4.11,0.5083601742348665,-0.10682308580707174,3.1531811768418017,3.1580975750994527,0.0,0.5502973742168145
4.12,0.5071849930188947,-0.10679733055227125,3.1582530267719906,3.1631811768418014,0.0,0.553079287924368
4.13,0.5060113451212301,-0.10677052889252879,3.163313140223203,3.1682530267719904,0.0,0.5559317755932276
4.14,0.5048392343193236,-0.10674268759318738,3.1683615325663963,3.1733131402232027,0.0,0.5588543867825233
4.15,0.503668664349946,-0.10671381338954077,3.1733982192098957,3.178361532566396,0.0,0.5618466599780683
4.16,0.5024996389093963,-0.106683912986943,3.1784232155989898,3.1833982192098955,0.0,0.564908122665237
4.17,0.5013321616537113,-0.10665299306091769,3.1834365372155267,3.1884232155989896,0.0,0.5680382914035823
4.18,0.5001662361988716,-0.10662106025726681,3.1884381995775155,3.1934365372155264,0.0,0.5712366719031736
4.19,0.49900186612100905,-0.10658812119217935,3.1934282182387257,3.1984381995775153,0.0,0.5745027591026544
4.2,0.4978390549566122,-0.10655418245233947,3.1984066087882916,3.2034282182387255,0.0,0.5778360372489926
4.21,0.49667780620273116,-0.10651925059503438,3.203373386850319,3.2084066087882914,0.0,0.581235979978929
4.22,0.495518123317182,-0.10648333214826194,3.2083285680834908,3.2133733868503187,0.0,0.5847020504020936
4.23,0.4943600097187496,-0.10644643361083782,3.213272168180678,3.2183285680834905,0.0,0.5882337011857864
4.24,0.49320346878739063,-0.10640856145250238,3.2182042028685522,3.223272168180678,0.0,0.5918303746414082
4.25,0.4920485038644347,-0.10636972211402726,3.2231246879071964,3.228204202868552,0.0,0.5954915028125263
4.26,0.49089511825278564,-0.10632992200732155,3.228033639089724,3.233124687907196,0.0,0.5992165075645615
4.2700000000000005,0.4897433152171213,-0.10628916751553773,3.2329310722418954,3.238033639089724,0.0,0.6030048006760826
4.28,0.48859309798409284,-0.10624746499317717,3.2378170032217364,3.242931072241895,0.0,0.6068557839316906
4.29,0.48744446974252326,-0.10620482076619538,3.2426914479191615,3.247817003221736,0.0,0.6107688492164883
4.3,0.48629743364360484,-0.10616124113210693,3.2475544222555977,3.2526914479191613,0.0,0.6147433786121053
4.3100000000000005,0.4851519928010963,-0.10611673236008999,3.2524059421836085,3.2575544222555974,0.0,0.6187787444942763
4.32,0.4840081502915185,-0.10607130069109064,3.2572460236865237,3.2624059421836082,0.0,0.6228743096319482
4.33,0.48286590915435,-0.1060249523379267,3.262074682778067,3.2672460236865235,0.0,0.6270294272879089
4.34,0.4817252723922213,-0.10597769348539142,3.2668919355019894,3.272074682778067,0.0,0.6312434413209129
4.3500000000000005,0.4805862429711087,-0.10592953029035668,3.2716977979317003,3.276891935501989,0.0,0.6355156862892942
4.36,0.4794488238205271,-0.10588046888187601,3.2764922861699057,3.2816977979317,0.0,0.6398454875560466
4.37,0.4783130178337222,-0.10583051536128715,3.281275416348243,3.2864922861699055,0.0,0.6442321613953574
4.38,0.47717882786786175,-0.10577967580231444,3.2860472046269216,3.2912754163482427,0.0,0.6486750151005756
4.39,0.4760462567442263,-0.10572795625117073,3.290807667194364,3.2960472046269214,0.0,0.6531733470935973
4.4,0.47491530724839875,-0.1056753627266591,3.2955568202668477,3.3008076671943636,0.0,0.6577264470356559
4.41,0.47378598213045364,-0.1056219012202742,3.300294680088152,3.3055568202668475,0.0,0.6623335959394876
4.42,0.47265828410514527,-0.10556757769630329,3.3050212629292037,3.310294680088152,0.0,0.6669940662828742
4.43,0.4715322158520952,-0.10551239809192692,3.3097365850877245,3.3150212629292035,0.0,0.6717071221235218
4.44,0.47040778001597905,-0.10545636831731937,3.3144406628878844,3.3197365850877243,0.0,0.6764720192152778
4.45,0.4692849792067124,-0.10539949425574875,3.3191335126799517,3.324440662887884,0.0,0.6812880051256551
4.46,0.4681638159996362,-0.10534178176367671,3.3238151508399483,3.3291335126799515,0.0,0.6861543193546499
4.47,0.46704429293570093,-0.10528323667085797,3.3284855937693054,3.333815150839948,0.0,0.6910701934548327
4.48,0.4659264125216507,-0.10522386478043938,3.333144857894522,3.338485593769305,0.0,0.6960348511526975
4.49,0.46481017723020585,-0.10516367186905884,3.337792959666824,3.3431448578945218,0.0,0.7010475084712404
4.5,0.46369558950024553,-0.10510266368694375,3.3424299155618264,3.347792959666824,0.0,0.7061073738537633
4.51,0.4625826517369888,-0.10504084595800928,3.3470557420791964,3.3524299155618262,0.0,0.7112136482888661
4.5200000000000005,0.4614713663121758,-0.10497822437995621,3.351670455742318,3.357055742079196,0.0,0.7163655254366217
4.53,0.4603617355642473,-0.10491480462436861,3.3562740730979606,3.361670455742318,0.0,0.7215621917559061
4.54,0.4592537617985244,-0.10485059233681102,3.360866610715946,3.3662740730979603,0.0,0.7268028266328652
4.55,0.4581474472873867,-0.10478559313692548,3.3654480851888198,3.3708666107159457,0.0,0.7320866025105015
4.5600000000000005,0.4570427942704504,-0.10471981261852824,3.3700185131315243,3.3754480851888196,0.0,0.7374126850193523
4.57,0.4559398049547451,-0.10465325634970604,3.374577911181072,3.380018513131524,0.0,0.7427802331092466
4.58,0.4548384815148904,-0.10458592987291225,3.3791262959962207,3.3845779111810717,0.0,0.7481883991821194
4.59,0.45373882609327143,-0.10451783870506258,3.3836636842571535,3.3891262959962205,0.0,0.7536363292258541
4.6000000000000005,0.4526408408002136,-0.10444898833763054,3.388190092665156,3.3936636842571533,0.0,0.7591231629491427
4.61,0.45154452771415704,-0.1043793842367426,3.3927055379422972,3.3981900926651556,0.0,0.7646480339173337
4.62,0.4504498888818299,-0.10430903184327305,3.3972100368311153,3.402705537942297,0.0,0.7702100696892558
4.63,0.4493569263184212,-0.1042379365729385,3.4017036060942996,3.407210036831115,0.0,0.7758083919549836
4.64,0.4482656420077529,-0.10416610381639223,3.4061862625143773,3.4117036060942993,0.0,0.7814421166745333
4.65,0.447176037902451,-0.10409353893931803,3.4106580228934016,3.416186262514377,0.0,0.7871103542174639
4.66,0.44608811592411646,-0.10402024728252389,3.4151189040526426,3.4206580228934014,0.0,0.7928122095033578
4.67,0.44500187796349505,-0.10394623416203538,3.4195689228322776,3.4251189040526424,0.0,0.7985467821431685
4.68,0.44391732588064653,-0.1038715048691887,3.424008096091084,3.4295689228322774,0.0,0.8043131665813983
4.69,0.4428344615051131,-0.1037960646707234,3.428436440706135,3.434008096091084,0.0,0.8101104522390998
4.7,0.44175328663608737,-0.10371991880887489,3.432853973572496,3.438436440706135,0.0,0.815937723657661
4.71,0.4406738030425795,-0.10364307250146661,3.437260711602922,3.442853973572496,0.0,0.8217940606433743
4.72,0.4395960124635836,-0.10356553094200185,3.441656671727558,3.447260711602922,0.0,0.8276785384127412
4.73,0.43851991660824335,-0.10348729929975543,3.4460418708936404,3.451656671727558,0.0,0.8335902277385069
4.74,0.43744551715601737,-0.1034083827198649,3.4504163260652008,3.4560418708936402,0.0,0.8395281950963955
4.75,0.43637281575684334,-0.10332878632342159,3.4547800542227693,3.4604163260652006,0.0,0.8454915028125262
4.76,0.4353018140313018,-0.10324851520756133,3.459133072363082,3.464780054222769,0.0,0.851479209211482
4.7700000000000005,0.4342325135707792,-0.10316757444555483,3.46347539749879,3.469133072363082,0.0,0.8574903687650124
4.78,0.4331649159376302,-0.10308596908689784,3.4678070466581663,3.47347539749879,0.0,0.8635240322413374
4.79,0.43209902266533934,-0.10300370415740098,3.4721280368848197,3.477807046658166,0.0,0.8695792468550516
4.8,0.43103483525868214,-0.10292078465927931,3.476438385237407,3.4821280368848195,0.0,0.8756550564175724
4.8100000000000005,0.4299723551938853,-0.1028372155712416,3.4807381087893456,3.4864383852374066,0.0,0.8817505014881378
4.82,0.4289115839187864,-0.10275300184857929,3.4850272246285336,3.4907381087893454,0.0,0.8878646195253097
4.83,0.42785252285299297,-0.10266814842325518,3.4893057498570634,3.4950272246285334,0.0,0.8939964450389726
4.84,0.4267951733880406,-0.1025826602039919,3.493573701590944,3.499305749857063,0.0,0.9001450097427964
4.8500000000000005,0.42573953688755095,-0.10249654207635998,3.4978310969598194,3.503573701590944,0.0,0.9063093427071377
4.86,0.42468561468738847,-0.10240979890286574,3.5020779531066935,3.507831096959819,0.0,0.912488470512362
4.87,0.42363340809581684,-0.1023224355230388,3.5063142871876516,3.5120779531066932,0.0,0.9186814174025583
4.88,0.4225829183936548,-0.10223445675351941,3.510540116371588,3.5163142871876514,0.0,0.9248872054396216
4.89,0.421534146834431,-0.10214586738814548,3.5147554578399323,3.520540116371588,0.0,0.9311048546576807
4.9,0.42048709464453854,-0.10205667219803918,3.5189603287863775,3.524755457839932,0.0,0.9373333832178481
4.91,0.41944176302338865,-0.10196687593169353,3.5231547464166115,3.5289603287863773,0.0,0.943571807563259
4.92,0.4183981531435638,-0.10187648331505844,3.527338727948047,3.5331547464166113,0.0,0.9498191425743925
4.93,0.41735626615097027,-0.10178549905162672,3.5315122906095566,3.537338727948047,0.0,0.9560744017246283
4.94,0.4163161031649898,-0.10169392782251956,3.5356754516412066,3.5415122906095564,0.0,0.9623365972360336
4.95,0.4152776652786309,-0.10160177428657195,3.539828228293993,3.5456754516412063,0.0,0.9686047402353434
4.96,0.4142409535586794,-0.10150904308041772,3.5439706378295797,3.549828228293993,0.0,0.9748778409101153
4.97,0.4132059690458482,-0.10141573881857431,3.5481026975200383,3.5539706378295794,0.0,0.9811549086650324
4.98,0.4121727127549269,-0.1013218660935273,3.5522244246475876,3.558102697520038,0.0,0.9874349522783314
4.99,0.4111411856749301,-0.10122742947581459,3.5563358365043367,3.5622244246475874,0.0,0.9937169800583235
5.0,0.41011138876924547,-0.10113243351411044,3.5604369503920292,3.5663358365043365,0.0,0.9999999999999999
