config_id,alpha,lambda,field_strength,lipschitz,is_stable,max_psi,final_error,total_energy,field_work
field_alpha0.5200_lambda0.1100_strength0.0,0.52,0.11,0.0,0.1287054728525734,True,1.0,-0.1046630529786158,3.638118211095925,0.0
field_alpha0.5200_lambda0.1100_strength0.1,0.52,0.11,0.1,0.20987648424840052,True,1.0612881920974935,-0.17055992195674521,4.759459080285397,0.769800358919501
field_alpha0.5200_lambda0.1100_strength0.5,0.52,0.11,0.5,0.4644403155907332,True,3.4353244100452156,-0.434147397869264,9.244822557043316,3.8490017945975055
field_alpha0.5200_lambda0.1100_strength1.0,0.52,0.11,1.0,0.5152553677864351,True,6.426959985596126,-0.7636317427599125,14.851526902990713,7.698003589195011
field_alpha0.5200_lambda0.1100_strength2.0,0.52,0.11,2.0,0.543166935811366,True,12.41528182674085,-1.4226004325412078,26.0649355948855,15.396007178390022
field_alpha0.5200_lambda0.1100_strength5.0,0.52,0.11,5.0,0.5608037230062968,True,30.38443711381906,-3.3995065018851007,59.70516167056991,38.490017945975055
field_alpha0.5200_lambda0.1100_strength10.0,0.52,0.11,10.0,0.566839690884228,True,60.334395746392595,-6.694349950791581,115.77220513004384,76.98003589195011
field_alpha0.5200_lambda0.1113_strength0.0,0.52,0.11125,0.0,0.12926109359876264,True,1.0,-0.10420762506249587,3.6281435835183133,0.0
field_alpha0.5200_lambda0.1113_strength0.1,0.52,0.11125,0.1,0.21001681631116123,True,1.0575416724021676,-0.17000677519353663,4.747921715126387,0.769800358919501
field_alpha0.5200_lambda0.1113_strength0.5,0.52,0.11125,0.5,0.46491351844964907,True,3.426994341967588,-0.4332033757177006,9.227034241558677,3.8490017945975055
field_alpha0.5200_lambda0.1113_strength1.0,0.52,0.11125,1.0,0.5157259367110066,True,6.412834620518498,-0.7621991263729055,14.825924899599054,7.698003589195011
field_alpha0.5200_lambda0.1113_strength2.0,0.52,0.11125,2.0,0.5436298010273527,True,12.389466908783081,-1.4201906276833145,26.02370621567978,15.396007178390022
field_alpha0.5200_lambda0.1113_strength5.0,0.52,0.11125,5.0,0.5612568293540569,True,30.323619075593367,-3.3941651316145447,59.617050163921974,38.490017945975055
field_alpha0.5200_lambda0.1113_strength10.0,0.52,0.11125,10.0,0.5672871738134161,True,60.2154099684057,-6.684122638166594,115.60595674432567,76.98003589195011
field_alpha0.5200_lambda0.1125_strength0.0,0.52,0.1125,0.0,0.1298179509626822,True,1.0,-0.10375436859271392,3.618208135616857,0.0
field_alpha0.5200_lambda0.1125_strength0.1,0.52,0.1125,0.1,0.21015925787319628,True,1.0538170976467731,-0.1694560513589368,4.736427377621527,0.769800358919501
field_alpha0.5200_lambda0.1125_strength0.5,0.52,0.1125,0.5,0.46538734415357674,True,3.418697552542064,-0.43226278242382754,9.209304345640192,3.8490017945975055
field_alpha0.5200_lambda0.1125_strength1.0,0.52,0.1125,1.0,0.516196842985063,True,6.398759260331755,-0.7607711962549407,14.800400555663522,7.698003589195011
field_alpha0.5200_lambda0.1125_strength2.0,0.52,0.1125,2.0,0.5440884606551476,True,12.36383662801844,-1.4177880239171683,25.98259297571019,15.396007178390022
field_alpha0.5200_lambda0.1125_strength5.0,0.52,0.1125,5.0,0.5617055375232688,True,30.263232657917378,-3.3888385069038494,59.5291702358502,38.490017945975055
field_alpha0.5200_lambda0.1125_strength10.0,0.52,0.1125,10.0,0.5677326798513042,True,60.09700361774479,-6.673922645214984,115.44013233608354,76.98003589195011
field_alpha0.5200_lambda0.1138_strength0.0,0.52,0.11375,0.0,0.13037607850721789,True,1.0,-0.10330327251510672,3.608311689759807,0.0
field_alpha0.5200_lambda0.1138_strength0.1,0.52,0.11375,0.1,0.21030371965587388,True,1.0501147748481146,-0.16890773852598234,4.724975877364098,0.769800358919501
field_alpha0.5200_lambda0.1138_strength0.5,0.52,0.11375,0.5,0.4658586967180714,True,3.410456512886074,-0.431325602569485,9.191632627781253,3.8490017945975055
field_alpha0.5200_lambda0.1138_strength1.0,0.52,0.11375,1.0,0.5166667384234019,True,6.384750306053119,-0.7593479326238641,14.774953565802704,7.698003589195011
field_alpha0.5200_lambda0.1138_strength2.0,0.52,0.11375,2.0,0.5445473547858534,True,12.338289107762895,-1.4153925927326214,25.941595441845607,15.396007178390022
field_alpha0.5200_lambda0.1138_strength5.0,0.52,0.11375,5.0,0.5621537782177551,True,30.20306381264951,-3.3835265730588935,59.4415210699743,38.490017945975055
field_alpha0.5200_lambda0.1138_strength10.0,0.52,0.11375,10.0,0.5681780249622775,True,59.978981654546345,-6.663749873602682,115.27473045018881,76.98003589195011
field_alpha0.5200_lambda0.1150_strength0.0,0.52,0.11499999999999999,0.0,0.13093550928572972,True,1.0,-0.1028543258338349,3.5984540691832354,0.0
field_alpha0.5200_lambda0.1150_strength0.1,0.52,0.11499999999999999,0.1,0.21045089470116898,True,1.046431113967921,-0.16836182482961723,4.713567024865483,0.769800358919501
field_alpha0.5200_lambda0.1150_strength0.5,0.52,0.11499999999999999,0.5,0.4663298239237884,True,3.4022543987024014,-0.4303918208127467,9.174018847594487,3.8490017945975055
field_alpha0.5200_lambda0.1150_strength1.0,0.52,0.11499999999999999,1.0,0.5171337045772311,True,6.370830979653158,-0.7579293157916576,14.74958362600573,7.698003589195011
field_alpha0.5200_lambda0.1150_strength2.0,0.52,0.11499999999999999,2.0,0.5450042067124555,True,12.312875396554883,-1.4130043057494808,25.90071318282822,15.396007178390022
field_alpha0.5200_lambda0.1150_strength5.0,0.52,0.11499999999999999,5.0,0.56260065650431,True,30.14315941175045,-3.3782292756229477,59.35410185329567,38.490017945975055
field_alpha0.5200_lambda0.1150_strength10.0,0.52,0.11499999999999999,10.0,0.5686185618898282,True,59.86183157926243,-6.653604225412059,115.1097496374081,76.98003589195011
field_alpha0.5200_lambda0.1162_strength0.0,0.52,0.11624999999999999,0.0,0.13149627584713683,True,1.0,-0.10240751761107185,3.588635097986647,0.0
field_alpha0.5200_lambda0.1162_strength0.1,0.52,0.11624999999999999,0.1,0.21060078338405555,True,1.0427660130798453,-0.16781829846636157,4.702200631550554,0.769800358919501
field_alpha0.5200_lambda0.1162_strength0.5,0.52,0.11624999999999999,0.5,0.46680155759203196,True,3.394084908324039,-0.4294614218875193,9.156462765806179,3.8490017945975055
field_alpha0.5200_lambda0.1162_strength1.0,0.52,0.11624999999999999,1.0,0.5176009952236249,True,6.356960692290824,-0.7565153261639666,14.724290433625711,7.698003589195011
field_alpha0.5200_lambda0.1162_strength2.0,0.52,0.11624999999999999,2.0,0.5454585647873826,True,12.287604837195586,-1.4106231347168612,25.859945769264773,15.396007178390022
field_alpha0.5200_lambda0.1162_strength5.0,0.52,0.11624999999999999,5.0,0.5630440301467051,True,30.083632446098026,-3.3729465603755453,59.26691177618198,38.490017945975055
field_alpha0.5200_lambda0.1162_strength10.0,0.52,0.11624999999999999,10.0,0.5690592807954302,True,59.74502374796578,-6.6434856031400225,114.94518845437729,76.98003589195011
field_alpha0.5200_lambda0.1175_strength0.0,0.52,0.1175,0.0,0.1320584102409245,True,1.0,-0.10196283696668663,3.578854601128514,0.0
field_alpha0.5200_lambda0.1175_strength0.1,0.52,0.1175,0.1,0.21075338600444424,True,1.039119370824186,-0.16727714769398047,4.6908765097529805,0.769800358919501
field_alpha0.5200_lambda0.1175_strength0.5,0.52,0.1175,0.5,0.4672712789990984,True,3.38596682765267,-0.428534390603156,9.138964144250851,3.8490017945975055
field_alpha0.5200_lambda0.1175_strength1.0,0.52,0.1175,1.0,0.518066582765668,True,6.343164015783069,-0.7551059442396246,14.699073687373184,7.698003589195011
field_alpha0.5200_lambda0.1175_strength2.0,0.52,0.1175,2.0,0.5459131467531285,True,12.262415470555112,-1.4082490515125627,25.81929277361786,15.396007178390022
field_alpha0.5200_lambda0.1175_strength5.0,0.52,0.1175,5.0,0.5634875908289992,True,30.02428380662952,-3.3676783733313793,59.1799500323519,38.490017945975055
field_alpha0.5200_lambda0.1175_strength10.0,0.52,0.1175,10.0,0.5694976761797449,True,59.62881908507957,-6.633393909696069,114.78104546357527,76.98003589195011
field_alpha0.5200_lambda0.1187_strength0.0,0.52,0.11875,0.0,0.13262194402191813,True,1.0,-0.10152027307793554,3.569112404421926,0.0
field_alpha0.5200_lambda0.1187_strength0.1,0.52,0.11875,0.1,0.21090784191558395,True,1.035495313012735,-0.16673836083116025,4.679594472710685,0.769800358919501
field_alpha0.5200_lambda0.1187_strength0.5,0.52,0.11875,0.5,0.4677402976823994,True,3.3778903178086392,-0.4276107118440589,9.121522745865711,3.8490017945975055
field_alpha0.5200_lambda0.1187_strength1.0,0.52,0.11875,1.0,0.5185299199578967,True,6.329447149633162,-0.7537011506101826,14.673933087309504,7.698003589195011
field_alpha0.5200_lambda0.1187_strength2.0,0.52,0.11875,2.0,0.5463643339720673,True,12.237387966822212,-1.4058820281424296,25.778753770197078,15.396007178390022
field_alpha0.5200_lambda0.1187_strength5.0,0.52,0.11875,5.0,0.5639279272232544,True,29.965293997367702,-3.362424660739169,59.09321581885979,38.490017945975055
field_alpha0.5200_lambda0.1187_strength10.0,0.52,0.11875,10.0,0.5699334174019796,True,59.51324857920291,-6.623329048400405,114.61731923329766,76.98003589195011
field_alpha0.5200_lambda0.1200_strength0.0,0.52,0.12,0.0,0.1331869082548019,True,1.0,-0.1010798151791514,3.55940833453022,0.0
field_alpha0.5200_lambda0.1200_strength0.1,0.52,0.12,0.1,0.2110646103664936,True,1.0318914413115186,-0.16620192625718008,4.66835433456123,0.769800358919501
field_alpha0.5200_lambda0.1200_strength0.5,0.52,0.12,0.5,0.46820990645661054,True,3.3698457914696895,-0.42669037056929426,9.10413833468527,3.8490017945975055
field_alpha0.5200_lambda0.1200_strength1.0,0.52,0.12,1.0,0.518993568882489,True,6.315778377530945,-0.7523009259594367,14.648868334840316,7.698003589195011
field_alpha0.5200_lambda0.1200_strength2.0,0.52,0.12,2.0,0.5468143693964725,True,12.212471159185512,-1.4035220367397239,25.73832833515043,15.396007178390022
field_alpha0.5200_lambda0.1200_strength5.0,0.52,0.12,5.0,0.5643666120683407,True,29.906577427740963,-3.357185369080581,59.00670833608072,38.490017945975055
field_alpha0.5200_lambda0.1200_strength10.0,0.52,0.12,10.0,0.570369331869226,True,59.398013996844185,-6.613290922982008,114.45400833763125,76.98003589195011
field_alpha0.5250_lambda0.1100_strength0.0,0.525,0.11,0.0,0.12913731867067937,True,1.0,-0.10452973427100383,3.6361482567057344,0.0
field_alpha0.5250_lambda0.1100_strength0.1,0.525,0.11,0.1,0.20964366536938386,True,1.0598692146049777,-0.17039645455475616,4.757022995584494,0.769800358919501
field_alpha0.5250_lambda0.1100_strength0.5,0.525,0.11,0.5,0.46456041311421975,True,3.4322687513135683,-0.43386333568976615,9.240521951099538,3.8490017945975055
field_alpha0.5250_lambda0.1100_strength1.0,0.525,0.11,1.0,0.5154109189956342,True,6.421944172768214,-0.7631969371085284,14.844895645493331,7.698003589195011
field_alpha0.5250_lambda0.1100_strength2.0,0.525,0.11,2.0,0.5433384355585622,True,12.406315519510832,-1.4218641399460514,26.053643034280917,15.396007178390022
field_alpha0.5250_lambda0.1100_strength5.0,0.525,0.11,5.0,0.5609820675695713,True,30.36370109295819,-3.397865748458624,59.67988520064367,38.490017945975055
field_alpha0.5250_lambda0.1100_strength10.0,0.525,0.11,10.0,0.5670204372934514,True,60.294002045746076,-6.691201762646243,115.72362214458164,76.98003589195011
field_alpha0.5250_lambda0.1113_strength0.0,0.525,0.11125,0.0,0.12969014612550403,True,1.0,-0.10407488333111076,3.626182429916039,0.0
field_alpha0.5250_lambda0.1113_strength0.1,0.525,0.11125,0.1,0.20978426479568613,True,1.056130798905651,-0.16984395648768844,4.745495490704305,0.769800358919501
field_alpha0.5250_lambda0.1113_strength0.5,0.525,0.11125,0.5,0.46503400412287216,True,3.4239494027190402,-0.4329202491139991,9.222747733857375,3.8490017945975055
field_alpha0.5250_lambda0.1113_strength1.0,0.525,0.11125,1.0,0.5158817627162607,True,6.407834684275054,-0.7617656148968871,14.819313037798706,7.698003589195011
field_alpha0.5250_lambda0.1113_strength2.0,0.525,0.11125,2.0,0.5437990542592794,True,12.380583052326632,-1.419456346462664,26.012443645681373,15.396007178390022
field_alpha0.5250_lambda0.1113_strength5.0,0.525,0.11125,5.0,0.5614335014773518,True,30.303040732360557,-3.3925285411599932,59.59183546932936,38.490017945975055
field_alpha0.5250_lambda0.1113_strength10.0,0.525,0.11125,10.0,0.5674659445386255,True,60.17535344102549,-6.680982198988883,115.55748850874275,76.98003589195011
field_alpha0.5250_lambda0.1125_strength0.0,0.525,0.1125,0.0,0.13024418949437577,True,1.0,-0.10362220130402718,3.616255746027811,0.0
field_alpha0.5250_lambda0.1125_strength0.1,0.525,0.1125,0.1,0.2099267339450028,True,1.0524155038498808,-0.16929387858874964,4.734010973494048,0.769800358919501
field_alpha0.5250_lambda0.1125_strength0.5,0.525,0.1125,0.5,0.4655068793340062,True,3.415673104868447,-0.4319805877276387,9.205031883358991,3.8490017945975055
field_alpha0.5250_lambda0.1125_strength1.0,0.525,0.1125,1.0,0.5163529433790381,True,6.393775135455703,-0.7603389741512512,14.793808020690179,7.698003589195011
field_alpha0.5250_lambda0.1125_strength2.0,0.525,0.1125,2.0,0.54425793707419,True,12.354978618947412,-1.417055746998474,25.971360295352543,15.396007178390022
field_alpha0.5250_lambda0.1125_strength5.0,0.525,0.1125,5.0,0.5618817437105249,True,30.242746025650906,-3.3872060655401426,59.50401711933961,38.490017945975055
field_alpha0.5250_lambda0.1125_strength10.0,0.525,0.1125,10.0,0.5679116424809536,True,60.05705315130893,-6.670789929776268,115.39177849265144,76.98003589195011
field_alpha0.5250_lambda0.1138_strength0.0,0.525,0.11375,0.0,0.13079948141571993,True,1.0,-0.10317167714724462,3.6063680275710546,0.0
field_alpha0.5250_lambda0.1138_strength0.1,0.525,0.11375,0.1,0.21007191976617087,True,1.048718947265455,-0.16874620894347178,4.722569253720186,0.769800358919501
field_alpha0.5250_lambda0.1138_strength0.5,0.525,0.11375,0.5,0.465977780830304,True,3.407448761685324,-0.4310443361283811,9.187374158316722,3.8490017945975055
field_alpha0.5250_lambda0.1138_strength1.0,0.525,0.11375,1.0,0.5168207497414428,True,6.37981107988721,-0.7589169951095177,14.768380289062392,7.698003589195011
field_alpha0.5250_lambda0.1138_strength2.0,0.525,0.11375,2.0,0.5447170541157986,True,12.329456846039085,-1.4146623130717912,25.930392550553748,15.396007178390022
field_alpha0.5250_lambda0.1138_strength5.0,0.525,0.11375,5.0,0.56233018206417,True,30.182632824791117,-3.381898266958611,59.416429335027786,38.490017945975055
field_alpha0.5250_lambda0.1138_strength10.0,0.525,0.11375,10.0,0.5683546251457612,True,59.93940620318589,-6.660624856769974,115.22649064248444,76.98003589195011
field_alpha0.5250_lambda0.1150_strength0.0,0.525,0.11499999999999999,0.0,0.13135605401081987,True,1.0,-0.10272329987652368,3.596519097942862,0.0
field_alpha0.5250_lambda0.1150_strength0.1,0.525,0.11499999999999999,0.1,0.21021982269260556,True,1.0450410267776813,-0.16820093569923456,4.711170142066516,0.769800358919501
field_alpha0.5250_lambda0.1150_strength0.5,0.525,0.11499999999999999,0.5,0.4664492916994772,True,3.399257162556263,-0.4301114789900789,9.16977431856114,3.8490017945975055
field_alpha0.5250_lambda0.1150_strength1.0,0.525,0.11499999999999999,1.0,0.5172879857640926,True,6.365907329753418,-0.7574996581036336,14.743029539179417,7.698003589195011
field_alpha0.5250_lambda0.1150_strength2.0,0.525,0.11499999999999999,2.0,0.545171664109076,True,12.304124353035998,-1.412276016330743,25.889539980415968,15.396007178390022
field_alpha0.5250_lambda0.1150_strength5.0,0.525,0.11499999999999999,5.0,0.5627747286076755,True,30.122919160269763,-3.376605091012076,59.32907130412565,38.490017945975055
field_alpha0.5250_lambda0.1150_strength10.0,0.525,0.11499999999999999,10.0,0.5687953494182857,True,59.82236059769923,-6.650486882147626,115.06162351030846,76.98003589195011
field_alpha0.5250_lambda0.1162_strength0.0,0.525,0.11624999999999999,0.0,0.13191393888869105,True,1.0,-0.1022770585655809,3.5867087814029937,0.0
field_alpha0.5250_lambda0.1162_strength0.1,0.525,0.11624999999999999,0.1,0.21037044308256475,True,1.0413816405811078,-0.1676580470649349,4.699813450129508,0.769800358919501
field_alpha0.5250_lambda0.1162_strength0.5,0.525,0.11624999999999999,0.5,0.46692054189235876,True,3.391104435659165,-0.42918200106235055,9.15223212503555,3.8490017945975055
field_alpha0.5250_lambda0.1162_strength1.0,0.525,0.11624999999999999,1.0,0.5177555458609847,True,6.352052554857943,-0.7560869435591197,14.717755468668093,7.698003589195011
field_alpha0.5250_lambda0.1162_strength2.0,0.525,0.11624999999999999,2.0,0.5456262405286408,True,12.278879156765356,-1.4098968285526594,25.848802155933207,15.396007178390022
field_alpha0.5250_lambda0.1162_strength5.0,0.525,0.11624999999999999,5.0,0.563218295359741,True,30.06344700574028,-3.371326483533276,59.24194221772851,38.490017945975055
field_alpha0.5250_lambda0.1162_strength10.0,0.525,0.11624999999999999,10.0,0.5692362555227596,True,59.70565686415369,-6.640375908500976,114.89717565405405,76.98003589195011
field_alpha0.5250_lambda0.1175_strength0.0,0.525,0.1175,0.0,0.13247316715084367,True,1.0,-0.10183294234577556,3.576936903069478,0.0
field_alpha0.5250_lambda0.1175_strength0.1,0.525,0.1175,0.1,0.21052305349352265,True,1.0377442746461896,-0.16711753131065754,4.688498990413683,0.769800358919501
field_alpha0.5250_lambda0.1175_strength0.5,0.525,0.1175,0.5,0.46738934674698435,True,3.3830061397472746,-0.428255887170185,9.134747339790485,3.8490017945975055
field_alpha0.5250_lambda0.1175_strength1.0,0.525,0.1175,1.0,0.5182190495278562,True,6.338300078872981,-0.7546788319945941,14.692557776511485,7.698003589195011
field_alpha0.5250_lambda0.1175_strength2.0,0.525,0.1175,2.0,0.5460799563724258,True,12.253739383778282,-1.4075247216434126,25.80817864995351,15.396007178390022
field_alpha0.5250_lambda0.1175_strength5.0,0.525,0.1175,5.0,0.5636613639409815,True,30.004189442110388,-3.3660623905898683,59.15504127027955,38.490017945975055
field_alpha0.5250_lambda0.1175_strength10.0,0.525,0.1175,10.0,0.5696722932484406,True,59.58982185932468,-6.630291838833959,114.73314563748959,76.98003589195011
field_alpha0.5250_lambda0.1187_strength0.0,0.525,0.11875,0.0,0.13303376939576814,True,1.0,-0.10139094040579759,3.567203288914194,0.0
field_alpha0.5250_lambda0.1187_strength0.1,0.525,0.11875,0.1,0.2106778470456631,True,1.034127835933079,-0.1665793767673484,4.67722657632701,0.769800358919501
field_alpha0.5250_lambda0.1187_strength0.5,0.525,0.11875,0.5,0.4678587446001257,True,3.374939944884911,-0.4273331222135509,9.117319725978259,3.8490017945975055
field_alpha0.5250_lambda0.1187_strength1.0,0.525,0.11875,1.0,0.5186826516990087,True,6.324598494968952,-0.7532753040213035,14.667436163042314,7.698003589195011
field_alpha0.5250_lambda0.1187_strength2.0,0.525,0.11875,2.0,0.5465299909321172,True,12.228767559632134,-1.40515966763681,25.767669037170432,15.396007178390022
field_alpha0.5250_lambda0.1187_strength5.0,0.525,0.11875,5.0,0.5641000586086958,True,29.9453511504043,-3.360812758483331,59.06836765955481,38.490017945975055
field_alpha0.5250_lambda0.1187_strength10.0,0.525,0.11875,10.0,0.5701082171760834,True,59.47435389166272,-6.620234576560863,114.5695320301954,76.98003589195011
field_alpha0.5250_lambda0.1200_strength0.0,0.525,0.12,0.0,0.13359577572323159,True,1.0,-0.10095104199135947,3.55750776575855,0.0
field_alpha0.5250_lambda0.1200_strength0.1,0.525,0.12,0.1,0.21083535997649386,True,1.0305295707735476,-0.1660435718264891,4.665996022176336,0.769800358919501
field_alpha0.5250_lambda0.1200_strength0.5,0.525,0.12,0.5,0.46832871727886705,True,3.366905794807901,-0.4264136911670079,9.099949047847485,3.8490017945975055
field_alpha0.5250_lambda0.1200_strength1.0,0.525,0.12,1.0,0.5191464786621944,True,6.310945994363217,-0.7518763403426567,14.642390329936422,7.698003589195011
field_alpha0.5250_lambda0.1200_strength2.0,0.525,0.12,2.0,0.5469802399115811,True,12.203875640772008,-1.4028016386939541,25.7272728941143,15.396007178390022
field_alpha0.5250_lambda0.1200_strength5.0,0.525,0.12,5.0,0.5645389318961981,True,29.88668837539413,-3.355577533747844,58.98192058664792,38.490017945975055
field_alpha0.5250_lambda0.1200_strength10.0,0.525,0.12,10.0,0.5705428234964165,True,59.35937657582482,-6.610204025504328,114.4063334075372,76.98003589195011
field_alpha0.5300_lambda0.1100_strength0.0,0.53,0.11,0.0,0.1295695125767384,True,1.0,-0.10439647053710065,3.6341787736587223,0.0
field_alpha0.5300_lambda0.1100_strength0.1,0.53,0.11,0.1,0.2094103399189844,True,1.0584526062735793,-0.1702330611757447,4.754587653758643,0.769800358919501
field_alpha0.5300_lambda0.1100_strength0.5,0.53,0.11,0.5,0.46468069036890786,True,3.429215439128762,-0.43357942373031955,9.236223174158317,3.8490017945975055
field_alpha0.5300_lambda0.1100_strength1.0,0.53,0.11,1.0,0.5155666266722931,True,6.416932193493283,-0.7627623769235395,14.838267574657925,7.698003589195011
field_alpha0.5300_lambda0.1100_strength2.0,0.53,0.11,2.0,0.5435095721372063,True,12.397367413237145,-1.421128283309977,26.042356375657107,15.396007178390022
field_alpha0.5300_lambda0.1100_strength5.0,0.53,0.11,5.0,0.5611605350911639,True,30.342980511034828,-3.3962260024692945,59.65462277865474,38.490017945975055
field_alpha0.5300_lambda0.1100_strength10.0,0.53,0.11,10.0,0.5671991319181924,True,60.25386874855711,-6.688055534401487,115.67506678365065,76.98003589195011
field_alpha0.5300_lambda0.1113_strength0.0,0.53,0.11125,0.0,0.13011950880973974,True,1.0,-0.10394219625865372,3.6242217438216486,0.0
field_alpha0.5300_lambda0.1113_strength0.1,0.53,0.11125,0.1,0.2095508113910232,True,1.0547242841204223,-0.1696812114357517,4.743070004578449,0.769800358919501
field_alpha0.5300_lambda0.1113_strength0.5,0.53,0.11125,0.5,0.46515466983834275,True,3.4209068007659122,-0.4326372721441439,9.218463047605645,3.8490017945975055
field_alpha0.5300_lambda0.1113_strength1.0,0.53,0.11125,1.0,0.5160377452990694,True,6.4028385674877,-0.7613323480296342,14.81270435138964,7.698003589195011
field_alpha0.5300_lambda0.1113_strength2.0,0.53,0.11125,2.0,0.5439684429305247,True,12.371705885123056,-1.4187224998006143,26.001186958957632,15.396007178390022
field_alpha0.5300_lambda0.1113_strength5.0,0.53,0.11125,5.0,0.5616096303583792,True,30.282513500357854,-3.3908929551135576,59.56663478166161,38.490017945975055
field_alpha0.5300_lambda0.1113_strength10.0,0.53,0.11125,10.0,0.5676448312579182,True,60.13532648898787,-6.677843713968462,115.5090478195016,76.98003589195011
field_alpha0.5300_lambda0.1125_strength0.0,0.53,0.1125,0.0,0.13067071495087015,True,1.0,-0.10349008836095142,3.6143038201297637,0.0
field_alpha0.5300_lambda0.1125_strength0.1,0.53,0.1125,0.1,0.20969400290842014,True,1.0510147773372795,-0.1691317791050528,4.731595303104762,0.769800358919501
field_alpha0.5300_lambda0.1125_strength0.5,0.53,0.1125,0.5,0.4656257577237454,True,3.412657098358412,-0.4316985420814578,9.200761235004746,3.8490017945975055
field_alpha0.5300_lambda0.1125_strength1.0,0.53,0.1125,1.0,0.5165077353472745,True,6.388812938285431,-0.7599069958019645,14.787218649879733,7.698003589195011
field_alpha0.5300_lambda0.1125_strength2.0,0.53,0.1125,2.0,0.5444275489917331,True,12.346127275948458,-1.4163239032429773,25.960133479629683,15.396007178390022
field_alpha0.5300_lambda0.1125_strength5.0,0.53,0.1125,5.0,0.5620580704760474,True,30.22227459205041,-3.3855746255660155,59.4788779688796,38.490017945975055
field_alpha0.5300_lambda0.1125_strength10.0,0.53,0.1125,10.0,0.568090609747948,True,60.017143934311015,-6.6676591627710895,115.3434521176295,76.98003589195011
field_alpha0.5300_lambda0.1138_strength0.0,0.53,0.11375,0.0,0.13122316294799627,True,1.0,-0.1030401358131331,3.604424825274742,0.0
field_alpha0.5300_lambda0.1138_strength0.1,0.53,0.11375,0.1,0.20983991496322427,True,1.0473239830990102,-0.1685847522816666,4.720163359277144,0.769800358919501
field_alpha0.5300_lambda0.1138_strength0.5,0.53,0.11375,0.5,0.4660970436887101,True,3.404443307018562,-0.43076321815580126,9.183117495286764,3.8490017945975055
field_alpha0.5300_lambda0.1138_strength1.0,0.53,0.11375,1.0,0.5169749156255511,True,6.374875609871295,-0.7584863004984688,14.761810165298778,7.698003589195011
field_alpha0.5300_lambda0.1138_strength2.0,0.53,0.11375,2.0,0.5448846845827223,True,12.320681072430187,-1.4139324651838048,25.91919550532281,15.396007178390022
field_alpha0.5300_lambda0.1138_strength5.0,0.53,0.11375,5.0,0.5625053466206927,True,30.162289905864796,-3.3802709592398124,59.39135152539495,38.490017945975055
field_alpha0.5300_lambda0.1138_strength10.0,0.53,0.11375,10.0,0.5685313389470161,True,59.8998598718243,-6.657501782666491,115.17827822551511,76.98003589195011
field_alpha0.5300_lambda0.1150_strength0.0,0.53,0.11499999999999999,0.0,0.13177688422764613,True,1.0,-0.10259232764255288,3.59458458281461,0.0
field_alpha0.5300_lambda0.1150_strength0.1,0.53,0.11499999999999999,0.1,0.20998854797224797,True,1.043651799152336,-0.16804011912540226,4.70877398395171,0.769800358919501
field_alpha0.5300_lambda0.1150_strength0.5,0.53,0.11499999999999999,0.5,0.4665689385212167,True,3.3962622139097496,-0.42983128505679924,9.165531588500109,3.8490017945975055
field_alpha0.5300_lambda0.1150_strength1.0,0.53,0.11499999999999999,1.0,0.5174424216197383,True,6.360987422227433,-0.757070242471045,14.736478594185598,7.698003589195011
field_alpha0.5300_lambda0.1150_strength2.0,0.53,0.11499999999999999,2.0,0.545339254761367,True,12.29537986902712,-1.4115481572995368,25.87837260555657,15.396007178390022
field_alpha0.5300_lambda0.1150_strength5.0,0.53,0.11499999999999999,5.0,0.5629489189493074,True,30.10269387107294,-3.3749819017850093,59.304054639669516,38.490017945975055
field_alpha0.5300_lambda0.1150_strength10.0,0.53,0.11499999999999999,10.0,0.5689722506093343,True,59.78291864220039,-6.647371475927464,115.01352469652439,76.98003589195011
field_alpha0.5300_lambda0.1162_strength0.0,0.53,0.11624999999999999,0.0,0.13233190969973876,True,1.0,-0.10214665293446482,3.5847829171693233,0.0
field_alpha0.5300_lambda0.1162_strength0.1,0.53,0.11624999999999999,0.1,0.21013930781937734,True,1.0400010658359569,-0.16749786785752555,4.6974269888964475,0.769800358919501
field_alpha0.5300_lambda0.1162_strength0.5,0.53,0.11624999999999999,0.5,0.46703840742208497,True,3.388135644369827,-0.4289027275497686,9.14800327580495,3.8490017945975055
field_alpha0.5300_lambda0.1162_strength1.0,0.53,0.11624999999999999,1.0,0.5179081146653469,True,6.3471743309148305,-0.7556588021650718,14.711223634440566,7.698003589195011
field_alpha0.5300_lambda0.1162_strength2.0,0.53,0.11624999999999999,2.0,0.5457940495791345,True,12.270160013177932,-1.409170951395681,25.837664351711844,15.396007178390022
field_alpha0.5300_lambda0.1162_strength5.0,0.53,0.11624999999999999,5.0,0.5633926788546586,True,30.043276478469274,-3.3697073990875026,59.21698650352562,38.490017945975055
field_alpha0.5300_lambda0.1162_strength10.0,0.53,0.11624999999999999,10.0,0.5694110886839759,True,59.666555233931575,-6.637268145240542,114.84919008988186,76.98003589195011
field_alpha0.5300_lambda0.1175_strength0.0,0.53,0.1175,0.0,0.1328882697621029,True,1.0,-0.10170310083170987,3.5750196536163457,0.0
field_alpha0.5300_lambda0.1175_strength0.1,0.53,0.1175,0.1,0.2102921212412034,True,1.0363720071564086,-0.16695798676043347,4.686122186786629,0.769800358919501
field_alpha0.5300_lambda0.1175_strength0.5,0.53,0.1175,0.5,0.46750759226361066,True,3.380047699442209,-0.42797753047532666,9.13053231946775,3.8490017945975055
field_alpha0.5300_lambda0.1175_strength1.0,0.53,0.1175,1.0,0.518371668976772,True,6.333439822338495,-0.7542519601189441,14.686044985319171,7.698003589195011
field_alpha0.5300_lambda0.1175_strength2.0,0.53,0.1175,2.0,0.5462455305394582,True,12.245100446310754,-1.4068008194061776,25.797070317021987,15.396007178390022
field_alpha0.5300_lambda0.1175_strength5.0,0.53,0.1175,5.0,0.563833422634443,True,29.984207333817245,-3.364447397267881,59.130146312130464,38.490017945975055
field_alpha0.5300_lambda0.1175_strength10.0,0.53,0.1175,10.0,0.569847021639375,True,59.550853213293045,-6.62719169370405,114.68527297064456,76.98003589195011
field_alpha0.5300_lambda0.1187_strength0.0,0.53,0.11875,0.0,0.13344599430488446,True,1.0,-0.10126166053440643,3.5652946182862895,0.0
field_alpha0.5300_lambda0.1187_strength0.1,0.53,0.11875,0.1,0.21044765773358756,True,1.0327611963780627,-0.16642046417732484,4.674859391200185,0.769800358919501
field_alpha0.5300_lambda0.1187_strength0.5,0.53,0.11875,0.5,0.4679773695753894,True,3.371991810738956,-0.42705567874899864,9.113118482855786,3.8490017945975055
field_alpha0.5300_lambda0.1187_strength1.0,0.53,0.11875,1.0,0.5188355362223357,True,6.319753507217109,-0.7528496969635906,14.66094234742527,7.698003589195011
field_alpha0.5300_lambda0.1187_strength2.0,0.53,0.11875,2.0,0.5466957789923017,True,12.220153584879645,-1.4044377333927756,25.75659007656425,15.396007178390022
field_alpha0.5300_lambda0.1187_strength5.0,0.53,0.11875,5.0,0.5642723059715739,True,29.925422984849074,-3.3592018426803274,59.0435332639812,38.490017945975055
field_alpha0.5300_lambda0.1187_strength10.0,0.53,0.11875,10.0,0.5702831283127052,True,59.43548769192541,-6.617142024826246,114.52177190967613,76.98003589195011
field_alpha0.5300_lambda0.1200_strength0.0,0.53,0.12,0.0,0.13400511271460996,True,1.0,-0.1008223212996395,3.555607638158537,0.0
field_alpha0.5300_lambda0.1200_strength0.1,0.53,0.12,0.1,0.21060591736353995,True,1.0291685340239816,-0.16588528851187687,4.663638416613155,0.769800358919501
field_alpha0.5300_lambda0.1200_strength0.5,0.53,0.12,0.5,0.46844556740705806,True,3.3639833886096544,-0.4261371573608273,9.095761530431648,3.8490017945975055
field_alpha0.5300_lambda0.1200_strength1.0,0.53,0.12,1.0,0.5192972869362603,True,6.3061446386963915,-0.7514519934220152,14.635915422704763,7.698003589195011
field_alpha0.5300_lambda0.1200_strength2.0,0.53,0.12,2.0,0.547146241574914,True,12.195286532630524,-1.4020816655443888,25.716223207250966,15.396007178390022
field_alpha0.5300_lambda0.1200_strength5.0,0.53,0.12,5.0,0.5647113677404156,True,29.866813956322645,-3.353970681911516,58.95714656088964,38.490017945975055
field_alpha0.5300_lambda0.1200_strength10.0,0.53,0.12,10.0,0.570715384212136,True,59.320875593420176,-6.607119042523391,114.35868548362077,76.98003589195011
field_alpha0.5350_lambda0.1100_strength0.0,0.535,0.11,0.0,0.13000203759006662,True,1.0,-0.10426326182765877,3.632209762873482,0.0
field_alpha0.5350_lambda0.1100_strength0.1,0.535,0.11,0.1,0.20917595630961758,True,1.0570411525126542,-0.17006974185858137,4.752153055568254,0.769800358919501
field_alpha0.5350_lambda0.1100_strength0.5,0.535,0.11,0.5,0.46480114764145664,True,3.4261644727680007,-0.43329566198227204,9.231926226347337,3.8490017945975055
field_alpha0.5350_lambda0.1100_strength1.0,0.535,0.11,1.0,0.5157224909804268,True,6.411924045934401,-0.7623280621368856,14.831642689821193,7.698003589195011
field_alpha0.5350_lambda0.1100_strength2.0,0.535,0.11,2.0,0.5436788727723915,True,12.38847102995203,-1.4203928624461124,26.031075616768888,15.396007178390022
field_alpha0.5350_lambda0.1100_strength5.0,0.535,0.11,5.0,0.5613374384671205,True,30.322366495618365,-3.3945872633737926,59.62937439761198,38.490017945975055
field_alpha0.5350_lambda0.1100_strength10.0,0.535,0.11,10.0,0.5673779425580482,True,60.21376510133336,-6.684911264919925,115.6265390323505,76.98003589195011
field_alpha0.5350_lambda0.1113_strength0.0,0.535,0.11125,0.0,0.13054927393751478,True,1.0,-0.10380956389582006,3.6222615261525077,0.0
field_alpha0.5350_lambda0.1113_strength0.1,0.535,0.11125,0.1,0.20931714845697272,True,1.0533186407786936,-0.1695185400765764,4.740645257508449,0.769800358919501
field_alpha0.5350_lambda0.1113_strength0.5,0.535,0.11125,0.5,0.46527375589162145,True,3.4178794641517083,-0.4323544447996017,9.21418018293221,3.8490017945975055
field_alpha0.5350_lambda0.1113_strength1.0,0.535,0.11125,1.0,0.5161938846231806,True,6.397846268326806,-0.7608993257033844,14.806098839711922,7.698003589195011
field_alpha0.5350_lambda0.1113_strength2.0,0.535,0.11125,2.0,0.5441379671476615,True,12.362835403179547,-1.4179890875109498,25.989936153271337,15.396007178390022
field_alpha0.5350_lambda0.1113_strength5.0,0.535,0.11125,5.0,0.5617858798471391,True,30.262001506849433,-3.389258372933639,59.541448093949576,38.490017945975055
field_alpha0.5350_lambda0.1113_strength10.0,0.535,0.11125,10.0,0.5678238340417788,True,60.09532909099215,-6.674707181971456,115.46063466174655,76.98003589195011
field_alpha0.5350_lambda0.1125_strength0.0,0.535,0.1125,0.0,0.13109769959788872,True,1.0,-0.10335802981412394,3.6123523588388484,0.0
field_alpha0.5350_lambda0.1125_strength0.1,0.535,0.1125,0.1,0.20946106453813615,True,1.0496149183831809,-0.16896975294667327,4.729180367212527,0.769800358919501
field_alpha0.5350_lambda0.1125_strength0.5,0.535,0.1125,0.5,0.4657448148407326,True,3.409643396757499,-0.4314166454768702,9.196492400707227,3.8490017945975055
field_alpha0.5350_lambda0.1125_strength1.0,0.535,0.1125,1.0,0.516661785464839,True,6.383865609931462,-0.7594752611396166,14.780632442575614,7.698003589195011
field_alpha0.5350_lambda0.1125_strength2.0,0.535,0.1125,2.0,0.5445972965142508,True,12.337282595043291,-1.415592492465109,25.948912526312377,15.396007178390022
field_alpha0.5350_lambda0.1125_strength5.0,0.535,0.1125,5.0,0.5622345178977034,True,30.20181834669368,-3.383944186441587,59.45375277752266,38.490017945975055
field_alpha0.5350_lambda0.1125_strength10.0,0.535,0.1125,10.0,0.5682672496537685,True,59.97752204714277,-6.66453034306905,115.29515319620648,76.98003589195011
field_alpha0.5350_lambda0.1138_strength0.0,0.535,0.11375,0.0,0.13164734560064525,True,1.0,-0.1029086485633524,3.6024820837857763,0.0
field_alpha0.5350_lambda0.1138_strength0.1,0.535,0.11375,0.1,0.20960770502865797,True,1.0459298826229064,-0.1684233685793721,4.7177581947930625,0.769800358919501
field_alpha0.5350_lambda0.1138_strength0.5,0.535,0.11375,0.5,0.46621648557617584,True,3.4014401481913104,-0.43048224864345025,9.178862638822203,3.8490017945975055
field_alpha0.5350_lambda0.1138_strength1.0,0.535,0.11375,1.0,0.5171292362359818,True,6.369943894221112,-0.7580558487235475,14.755243193858611,7.698003589195011
field_alpha0.5350_lambda0.1138_strength2.0,0.535,0.11375,2.0,0.5450521898586176,True,12.31191772813481,-1.4132030488837444,25.90800430393147,15.396007178390022
field_alpha0.5350_lambda0.1138_strength5.0,0.535,0.11375,5.0,0.5626794618958417,True,30.1420246555964,-3.3786446493643303,59.366287634150005,38.490017945975055
field_alpha0.5350_lambda0.1138_strength10.0,0.535,0.11375,10.0,0.5687081664336539,True,59.860342639560514,-6.654380650165304,115.13009318451421,76.98003589195011
field_alpha0.5350_lambda0.1150_strength0.0,0.535,0.11499999999999999,0.0,0.13219824244635314,True,1.0,-0.10246140918244531,3.592650524712162,0.0
field_alpha0.5350_lambda0.1150_strength0.1,0.535,0.11499999999999999,0.1,0.2097566092679432,True,1.0422657223388196,-0.1678793751469021,4.706378551278382,0.769800358919501
field_alpha0.5350_lambda0.1150_strength0.5,0.535,0.11499999999999999,0.5,0.46668748097623314,True,3.3932788857793317,-0.42955123900472947,9.161290657543253,3.8490017945975055
field_alpha0.5350_lambda0.1150_strength1.0,0.535,0.11499999999999999,1.0,0.5175970123041814,True,6.356071255298003,-0.7566410688270132,14.72993079037434,7.698003589195011
field_alpha0.5350_lambda0.1150_strength2.0,0.535,0.11499999999999999,2.0,0.5455069787725738,True,12.286641940634437,-1.410820728471582,25.867211056036517,15.396007178390022
field_alpha0.5350_lambda0.1150_strength5.0,0.535,0.11499999999999999,5.0,0.5631232276041075,True,30.082483533939616,-3.3733597074052852,59.279051853023034,38.490017945975055
field_alpha0.5350_lambda0.1150_strength10.0,0.535,0.11499999999999999,10.0,0.5691492655305472,True,59.74350569193574,-6.644258005628126,114.96545318133388,76.98003589195011
field_alpha0.5350_lambda0.1162_strength0.0,0.535,0.11624999999999999,0.0,0.1327504201111894,True,1.0,-0.10201630076818771,3.5828575061980676,0.0
field_alpha0.5350_lambda0.1162_strength0.1,0.535,0.11624999999999999,0.1,0.20990743734031334,True,1.0386239904884915,-0.16733776088289304,4.695041248607915,0.769800358919501
field_alpha0.5350_lambda0.1162_strength0.5,0.535,0.11624999999999999,0.5,0.46715645070894357,True,3.385169108870783,-0.42862360134171484,9.143776218247313,3.8490017945975055
field_alpha0.5350_lambda0.1162_strength1.0,0.535,0.11624999999999999,1.0,0.5180606213583815,True,6.342302435102173,-0.7552309019152424,14.704694930296556,7.698003589195011
field_alpha0.5350_lambda0.1162_strength2.0,0.535,0.11624999999999999,2.0,0.5459609886178001,True,12.261469937923488,-1.408445503062296,25.82653235439505,15.396007178390022
field_alpha0.5350_lambda0.1162_strength5.0,0.535,0.11624999999999999,5.0,0.5635667044374532,True,30.023146226565554,-3.36808930650346,59.192044626690524,38.490017945975055
field_alpha0.5350_lambda0.1162_strength10.0,0.535,0.11624999999999999,10.0,0.5695857455244754,True,59.627512427823135,-6.634162312238732,114.80123174718292,76.98003589195011
field_alpha0.5350_lambda0.1175_strength0.0,0.535,0.1175,0.0,0.13330390805123607,True,1.0,-0.10157331247489618,3.5731028536803215,0.0
field_alpha0.5350_lambda0.1175_strength0.1,0.535,0.1175,0.1,0.21006099214030916,True,1.0350005812220535,-0.16679851408204513,4.683746099627582,0.769800358919501
field_alpha0.5350_lambda0.1175_strength0.5,0.535,0.1175,0.5,0.4676260158280776,True,3.3770915060705105,-0.42769932051064036,9.126319083416618,3.8490017945975055
field_alpha0.5350_lambda0.1175_strength1.0,0.535,0.1175,1.0,0.5185244412689908,True,6.328583244446639,-0.7538253285463843,14.679535313152908,7.698003589195011
field_alpha0.5350_lambda0.1175_strength2.0,0.535,0.1175,2.0,0.5464112358582093,True,12.23646795972326,-1.4060773446178716,25.785967772625487,15.396007178390022
field_alpha0.5350_lambda0.1175_strength5.0,0.535,0.1175,5.0,0.5640055973382581,True,29.96423994522646,-3.362833392832338,59.105265151043284,38.490017945975055
field_alpha0.5350_lambda0.1175_strength10.0,0.535,0.1175,10.0,0.5700218614173124,True,59.51191312654495,-6.624093473189775,114.63742744840619,76.98003589195011
field_alpha0.5350_lambda0.1187_strength0.0,0.535,0.11875,0.0,0.13385873520658795,True,1.0,-0.10113243351411044,3.563386393448176,0.0
field_alpha0.5350_lambda0.1187_strength0.1,0.535,0.11875,0.1,0.21021727379313299,True,1.0313953946258954,-0.1662616230998034,4.67249291808519,0.769800358919501
field_alpha0.5350_lambda0.1187_strength0.5,0.535,0.11875,0.5,0.46809574581262375,True,3.369048988508297,-0.4267783814425759,9.108919016633251,3.8490017945975055
field_alpha0.5350_lambda0.1187_strength1.0,0.535,0.11875,1.0,0.5189883839555917,True,6.314914493219208,-0.7524243293710419,14.654451639818337,7.698003589195011
field_alpha0.5350_lambda0.1187_strength2.0,0.535,0.11875,2.0,0.5468616982526359,True,12.211546038767608,-1.4037162252279742,25.74551688618851,15.396007178390022
field_alpha0.5350_lambda0.1187_strength5.0,0.535,0.11875,5.0,0.5644446693838712,True,29.90550949071389,-3.3575919127987732,59.018712625299,38.490017945975055
field_alpha0.5350_lambda0.1187_strength10.0,0.535,0.11875,10.0,0.5704569208843272,True,59.396778027869075,-6.614051392083429,114.4740388571498,76.98003589195011
field_alpha0.5350_lambda0.1200_strength0.0,0.535,0.12,0.0,0.13441493000528268,True,1.0,-0.10069365315428211,3.553707952638922,0.0
field_alpha0.5350_lambda0.1200_strength0.1,0.535,0.12,0.1,0.21037628234833075,True,1.0278083313409159,-0.1657270763520341,4.661281518625889,0.769800358919501
field_alpha0.5350_lambda0.1200_strength0.5,0.535,0.12,0.5,0.4685625943302274,True,3.3610631901414285,-0.42586076914304166,9.091575782573745,3.8490017945975055
field_alpha0.5350_lambda0.1200_strength1.0,0.535,0.12,1.0,0.5194482461040677,True,6.301346900744397,-0.7510278851318024,14.62944361250858,7.698003589195011
field_alpha0.5350_lambda0.1200_strength2.0,0.535,0.12,2.0,0.5473104183447242,True,12.186747387463308,-1.4013621171093227,25.70517927237823,15.396007178390022
field_alpha0.5350_lambda0.1200_strength5.0,0.535,0.12,5.0,0.5648819796253512,True,29.847056667843006,-3.3523648130418833,58.93238625198721,38.490017945975055
field_alpha0.5350_lambda0.1200_strength10.0,0.535,0.12,10.0,0.5708880540122248,True,59.28240273152043,-6.604035972929478,114.31106455133539,76.98003589195011
field_alpha0.5400_lambda0.1100_strength0.0,0.54,0.11,0.0,0.1304349105810801,True,1.0,-0.10413010819332916,3.6302412252671954,0.0
field_alpha0.5400_lambda0.1100_strength0.1,0.54,0.11,0.1,0.20894136074219946,True,1.0556305743705563,-0.16990649664204277,4.74971920177239,0.769800358919501
field_alpha0.5400_lambda0.1100_strength0.5,0.54,0.11,0.5,0.46492177662731715,True,3.4231159147657086,-0.4330120504368979,9.22763110779319,3.8490017945975055
field_alpha0.5400_lambda0.1100_strength1.0,0.54,0.11,1.0,0.5158785120841355,True,6.406919728254498,-0.7618939926804673,14.82502099031919,7.698003589195011
field_alpha0.5400_lambda0.1100_strength2.0,0.54,0.11,2.0,0.5438483090006762,True,12.37958135117936,-1.419657877167604,26.019800755371158,15.396007178390022
field_alpha0.5400_lambda0.1100_strength5.0,0.54,0.11,5.0,0.5615136104829936,True,30.301813827632483,-3.392949530629018,59.60414005052715,38.490017945975055
field_alpha0.5400_lambda0.1100_strength10.0,0.54,0.11,10.0,0.5675568692835679,True,60.173691082714136,-6.681768953064711,115.57803887578717,76.98003589195011
field_alpha0.5400_lambda0.1113_strength0.0,0.54,0.11125,0.0,0.13097937869921608,True,1.0,-0.10367698629320272,3.620301777824557,0.0
field_alpha0.5400_lambda0.1113_strength0.1,0.54,0.11125,0.1,0.20908327576103078,True,1.051913869153809,-0.1693559424489161,4.738221250252602,0.769800358919501
field_alpha0.5400_lambda0.1113_strength0.5,0.54,0.11125,0.5,0.4653926064424308,True,3.414857487088126,-0.4320717670717684,9.209899139964753,3.8490017945975055
field_alpha0.5400_lambda0.1113_strength1.0,0.54,0.11125,1.0,0.516348595942025,True,6.3928774075728265,-0.760466547850336,14.799496502104969,7.698003589195011
field_alpha0.5400_lambda0.1113_strength2.0,0.54,0.11125,2.0,0.5443076270173101,True,12.353971602504489,-1.4172561094074672,25.978691226385376,15.396007178390022
field_alpha0.5400_lambda0.1113_strength5.0,0.54,0.11125,5.0,0.5619622500215553,True,30.241504741382432,-3.387624794078864,59.51627539922659,38.490017945975055
field_alpha0.5400_lambda0.1113_strength10.0,0.54,0.11125,10.0,0.5680029529607202,True,60.055361225750225,-6.671572601864532,115.4122490206287,76.98003589195011
field_alpha0.5400_lambda0.1125_strength0.0,0.54,0.1125,0.0,0.13152503079471253,True,1.0,-0.10322602571408095,3.610401363069777,0.0
field_alpha0.5400_lambda0.1125_strength0.1,0.54,0.1125,0.1,0.20922791860857826,True,1.0482159272608478,-0.168807800152343,4.72676616657486,0.769800358919501
field_alpha0.5400_lambda0.1125_strength0.5,0.54,0.1125,0.5,0.46586405096839395,True,3.4066319993670637,-0.43113489790539145,9.192225380595188,3.8490017945975055
field_alpha0.5400_lambda0.1125_strength1.0,0.54,0.1125,1.0,0.5168159903658469,True,6.378922047977696,-0.7590437700967014,14.774049398120592,7.698003589195011
field_alpha0.5400_lambda0.1125_strength2.0,0.54,0.1125,2.0,0.5447650462295693,True,12.328492855393128,-1.414861514479322,25.93769743317142,15.396007178390022
field_alpha0.5400_lambda0.1125_strength5.0,0.54,0.1125,5.0,0.5624099244986643,True,30.18143961326988,-3.3823147476271846,59.42864153832389,38.490017945975055
field_alpha0.5400_lambda0.1125_strength10.0,0.54,0.1125,10.0,0.5684440032676665,True,59.937929332330846,-6.661403469540288,115.24688171357795,76.98003589195011
field_alpha0.5400_lambda0.1138_strength0.0,0.54,0.11375,0.0,0.13207189721924617,True,1.0,-0.10277721544838088,3.600539804017635,0.0
field_alpha0.5400_lambda0.1138_strength0.1,0.54,0.11375,0.1,0.20937496221586804,True,1.0445382800925544,-0.16826205787529722,4.715353761024675,0.769800358919501
field_alpha0.5400_lambda0.1138_strength0.5,0.54,0.11375,0.5,0.4663361067758786,True,3.3984392845083495,-0.4302014275829636,9.174609589052837,3.8490017945975055
field_alpha0.5400_lambda0.1138_strength1.0,0.54,0.11375,1.0,0.5172837117330806,True,6.365015931152272,-0.7576256397175462,14.748679374088056,7.698003589195011
field_alpha0.5400_lambda0.1138_strength2.0,0.54,0.11375,2.0,0.5452198285429635,True,12.30316095829196,-1.412474063986711,25.896818944158447,15.396007178390022
field_alpha0.5400_lambda0.1138_strength5.0,0.54,0.11375,5.0,0.5628536955153822,True,30.12177439649148,-3.377019336794207,59.34123765436971,38.490017945975055
field_alpha0.5400_lambda0.1138_strength10.0,0.54,0.11375,10.0,0.5688851076732853,True,59.82085448550583,-6.651261458140036,115.08193550472176,76.98003589195011
field_alpha0.5400_lambda0.1150_strength0.0,0.54,0.11499999999999999,0.0,0.1326200077915756,True,1.0,-0.1023305445466218,3.590716924547763,0.0
field_alpha0.5400_lambda0.1150_strength0.1,0.54,0.11499999999999999,0.1,0.20952379973224097,True,1.0408838216160685,-0.16771870380242226,4.703983844802497,0.769800358919501
field_alpha0.5400_lambda0.1150_strength0.5,0.54,0.11499999999999999,0.5,0.46680532120396184,True,3.390304227161376,-0.4292713408256242,9.157051525821432,3.8490017945975055
field_alpha0.5400_lambda0.1150_strength1.0,0.54,0.11499999999999999,1.0,0.5177495094896809,True,6.351186409065393,-0.7562121371046273,14.723386127095111,7.698003589195011
field_alpha0.5400_lambda0.1150_strength2.0,0.54,0.11499999999999999,2.0,0.5456748362460097,True,12.27791056396538,-1.4100937296626304,25.856055329642437,15.396007178390022
field_alpha0.5400_lambda0.1150_strength5.0,0.54,0.11499999999999999,5.0,0.5632976546470126,True,30.062288138654626,-3.3717385073366466,59.254062937284466,38.490017945975055
field_alpha0.5400_lambda0.1150_strength10.0,0.54,0.11499999999999999,10.0,0.5693243890976221,True,59.70433200309992,-6.641146470126668,114.91740895002114,76.98003589195011
field_alpha0.5400_lambda0.1162_strength0.0,0.54,0.11624999999999999,0.0,0.1331693918019488,True,1.0,-0.10188600211711275,3.5809325494002437,0.0
field_alpha0.5400_lambda0.1162_strength0.1,0.54,0.11624999999999999,0.1,0.20967536759828626,True,1.0372477607428292,-0.1671777261797025,4.692656230019101,0.769800358919501
field_alpha0.5400_lambda0.1162_strength0.5,0.54,0.11624999999999999,0.5,0.46727467203257955,True,3.382204828491018,-0.42834462243006016,9.139550952494515,3.8490017945975055
field_alpha0.5400_lambda0.1162_strength1.0,0.54,0.11624999999999999,1.0,0.518213280955389,True,6.337434229703875,-0.7548032427430078,14.698169355588792,7.698003589195011
field_alpha0.5400_lambda0.1162_strength2.0,0.54,0.11624999999999999,2.0,0.5461266109082001,True,12.252818883798923,-1.4077204833689014,25.815406161777332,15.396007178390022
field_alpha0.5400_lambda0.1162_strength5.0,0.54,0.11624999999999999,5.0,0.5637388062879071,True,30.00313950472551,-3.3664722052465863,59.167116580342984,38.490017945975055
field_alpha0.5400_lambda0.1162_strength10.0,0.54,0.11624999999999999,10.0,0.5697605137763833,True,59.58849825269863,-6.631058408376064,114.75330061128577,76.98003589195011
field_alpha0.5400_lambda0.1175_strength0.0,0.54,0.1175,0.0,0.1337200780161444,True,1.0,-0.1014435773256404,3.5711865041712008,0.0
field_alpha0.5400_lambda0.1175_strength0.1,0.54,0.1175,0.1,0.2098296659975889,True,1.0336299971205167,-0.16663911331413506,4.6813707296909595,0.769800358919501
field_alpha0.5400_lambda0.1175_strength0.5,0.54,0.1175,0.5,0.4677446177197786,True,3.3741375589644664,-0.42742125726811303,9.122107631769994,3.8490017945975055
field_alpha0.5400_lambda0.1175_strength1.0,0.54,0.1175,1.0,0.5186773665611856,True,6.323730343464317,-0.753398937210586,14.67302875936879,7.698003589195011
field_alpha0.5400_lambda0.1175_strength2.0,0.54,0.1175,2.0,0.5465770724289175,True,12.227841920206062,-1.4053542970955324,25.77487101456638,15.396007178390022
field_alpha0.5400_lambda0.1175_strength5.0,0.54,0.1175,5.0,0.564177888124496,True,29.944287266320696,-3.3612203767503708,59.08039778015913,38.490017945975055
field_alpha0.5400_lambda0.1175_strength10.0,0.54,0.1175,10.0,0.5701968126470405,True,59.473001578652514,-6.620997176175098,114.58960905614705,76.98003589195011
field_alpha0.5400_lambda0.1187_strength0.0,0.54,0.11875,0.0,0.13427209467947965,True,1.0,-0.10100325939515815,3.5614786153084332,0.0
field_alpha0.5400_lambda0.1187_strength0.1,0.54,0.11875,0.1,0.2099866950379789,True,1.0300304309538595,-0.1661028535734045,4.670127157735678,0.769800358919501
field_alpha0.5400_lambda0.1187_strength0.5,0.54,0.11875,0.5,0.46821257319797754,True,3.3661208160373337,-0.4265012302863902,9.104721327444661,3.8490017945975055
field_alpha0.5400_lambda0.1187_strength1.0,0.54,0.11875,1.0,0.5191392328982124,True,6.310105293713221,-0.7519992011776218,14.647964039580888,7.698003589195011
field_alpha0.5400_lambda0.1187_strength2.0,0.54,0.11875,2.0,0.5470277488132013,True,12.202944917500023,-1.4029951429600855,25.734449463853334,15.396007178390022
field_alpha0.5400_lambda0.1187_strength5.0,0.54,0.11875,5.0,0.5646171489176028,True,29.885610658015665,-3.3559829683074747,58.99390573667067,38.490017945975055
field_alpha0.5400_lambda0.1187_strength10.0,0.54,0.11875,10.0,0.5706295212830823,True,59.35823217551083,-6.610962677219793,114.42633285803288,76.98003589195011
field_alpha0.5400_lambda0.1200_strength0.0,0.54,0.12,0.0,0.13482546952048508,True,1.0,-0.10056503760547784,3.5518087101070477,0.0
field_alpha0.5400_lambda0.1200_strength0.1,0.54,0.12,0.1,0.21014613159836318,True,1.0264505414276766,-0.16556893538555723,4.6589253289673955,0.769800358919501
field_alpha0.5400_lambda0.1200_strength0.5,0.54,0.12,0.5,0.46867979832427753,True,3.3581451987590554,-0.4255845265058741,9.087391804408783,3.8490017945975055
field_alpha0.5400_lambda0.1200_strength1.0,0.54,0.12,1.0,0.5195993563189226,True,6.296552778817362,-0.7506040154062701,14.622974898710508,7.698003589195011
field_alpha0.5400_lambda0.1200_strength2.0,0.54,0.12,2.0,0.5474742393027353,True,12.178225394130552,-1.4006429932070628,25.69414108731396,15.396007178390022
field_alpha0.5400_lambda0.1200_strength5.0,0.54,0.12,5.0,0.5650521394508616,True,29.82734378903519,-3.3507599266094363,58.907639653124306,38.490017945975055
field_alpha0.5400_lambda0.1200_strength10.0,0.54,0.12,10.0,0.5710608329587423,True,59.24395797008087,-6.6009548156134015,114.26347059614163,76.98003589195011
field_alpha0.5450_lambda0.1100_strength0.0,0.545,0.11,0.0,0.13086808673433908,True,1.0,-0.10399700968465954,3.6282731617555815,0.0
field_alpha0.5450_lambda0.1100_strength0.1,0.545,0.11,0.1,0.20870655297697194,True,1.0542208721197575,-0.1697433255648084,4.747286093128759,0.769800358919501
field_alpha0.5450_lambda0.1100_strength0.5,0.545,0.11,0.5,0.46504041978657307,True,3.4200856335954213,-0.43272858908540374,9.22333781862148,3.8490017945975055
field_alpha0.5450_lambda0.1100_strength1.0,0.545,0.11,1.0,0.5160346901476416,True,6.401919238616424,-0.7614601684861482,14.818402475487375,7.698003589195011
field_alpha0.5450_lambda0.1100_strength2.0,0.545,0.11,2.0,0.5440178809288337,True,12.370698372914342,-1.4189233272876354,26.008531789219155,15.396007178390022
field_alpha0.5450_lambda0.1100_strength5.0,0.545,0.11,5.0,0.5616899032139949,True,30.28127642761206,-3.391312803692098,59.578919730414505,38.490017945975055
field_alpha0.5450_lambda0.1100_strength10.0,0.545,0.11,10.0,0.567735912165313,True,60.13364667135171,-6.678628597699543,115.52956629907347,76.98003589195011
field_alpha0.5450_lambda0.1113_strength0.0,0.545,0.11125,0.0,0.13140982845004928,True,1.0,-0.10354446350129275,3.6183424997522944,0.0
field_alpha0.5450_lambda0.1113_strength0.1,0.545,0.11125,0.1,0.2088491930703976,True,1.0505099695181626,-0.16919341859142858,4.7357979835678305,0.769800358919501
field_alpha0.5450_lambda0.1113_strength0.5,0.545,0.11125,0.5,0.4655116359841419,True,3.4118378226371844,-0.4317892389519713,9.205619918829951,3.8490017945975055
field_alpha0.5450_lambda0.1113_strength1.0,0.545,0.11125,1.0,0.5165026846687222,True,6.387921960987127,-0.7600340144026492,14.792897337907599,7.698003589195011
field_alpha0.5450_lambda0.1113_strength2.0,0.545,0.11125,2.0,0.5444774226461011,True,12.34511447910763,-1.416523565304006,25.967452176062903,15.396007178390022
field_alpha0.5450_lambda0.1113_strength5.0,0.545,0.11125,5.0,0.5621387409595964,True,30.221023193509627,-3.3859922180080755,59.491116690528806,38.490017945975055
field_alpha0.5450_lambda0.1113_strength10.0,0.545,0.11125,10.0,0.5681797613842775,True,60.01567919841024,-6.668439972514854,115.3638908813053,76.98003589195011
field_alpha0.5450_lambda0.1125_strength0.0,0.545,0.1125,0.0,0.13195273365400953,True,1.0,-0.10309407611125643,3.60845083373583,0.0
field_alpha0.5450_lambda0.1125_strength0.1,0.545,0.1125,0.1,0.20899437104153432,True,1.046818775216908,-0.16864592076069887,4.724352701947935,0.769800358919501
field_alpha0.5450_lambda0.1125_strength0.5,0.545,0.1125,0.5,0.4659834663904894,True,3.4036229054877083,-0.4308532993584681,9.187960174796348,3.8490017945975055
field_alpha0.5450_lambda0.1125_strength1.0,0.545,0.1125,1.0,0.5169703502109804,True,6.373982250632495,-0.7586125226056788,14.767469515856854,7.698003589195011
field_alpha0.5450_lambda0.1125_strength2.0,0.545,0.1125,2.0,0.5449325992990119,True,12.319717187244345,-1.4141309691001016,25.92648819797791,15.396007178390022
field_alpha0.5450_lambda0.1125_strength5.0,0.545,0.1125,5.0,0.5625840828875374,True,30.161149319688608,-3.380686308583374,59.40354424434106,38.490017945975055
field_alpha0.5450_lambda0.1125_strength10.0,0.545,0.1125,10.0,0.5686208706573495,True,59.89836576892807,-6.658278541055487,115.19863765494622,76.98003589195011
field_alpha0.5450_lambda0.1138_strength0.0,0.545,0.11375,0.0,0.13249683178547092,True,1.0,-0.10264583651859521,3.5985979868823716,0.0
field_alpha0.5450_lambda0.1138_strength0.1,0.545,0.11375,0.1,0.20914121280818443,True,1.0431515364065866,-0.16810082020805747,4.712950058727393,0.769800358919501
field_alpha0.5450_lambda0.1138_strength0.5,0.545,0.11375,0.5,0.46645420502240786,True,3.395453108567703,-0.42992075496590615,9.170358346107474,3.8490017945975055
field_alpha0.5450_lambda0.1138_strength1.0,0.545,0.11375,1.0,0.5174383340197437,True,6.36009182037813,-0.757195673413217,14.742118705332578,7.698003589195011
field_alpha0.5450_lambda0.1138_strength2.0,0.545,0.11375,2.0,0.5453876007392422,True,12.294410758996133,-1.4117455103078385,25.885639423782777,15.396007178390022
field_alpha0.5450_lambda0.1138_strength5.0,0.545,0.11375,5.0,0.5630280475543157,True,30.10153911830502,-3.375395020991704,59.316201579133384,38.490017945975055
field_alpha0.5450_lambda0.1138_strength10.0,0.545,0.11375,10.0,0.5690621627335706,True,59.7813953887838,-6.648144205464816,115.03380517138439,76.98003589195011
field_alpha0.5450_lambda0.1150_strength0.0,0.545,0.11499999999999999,0.0,0.1330421517433389,True,1.0,-0.10219973378540197,3.588783783232248,0.0
field_alpha0.5450_lambda0.1150_strength0.1,0.545,0.11499999999999999,0.1,0.20929078851126395,True,1.0395027705571538,-0.16755810513055502,4.701589865278698,0.769800358919501
field_alpha0.5450_lambda0.1150_strength0.5,0.545,0.11499999999999999,0.5,0.46692333945602943,True,3.387331831879066,-0.42899159051116714,9.152814193464497,3.8490017945975055
field_alpha0.5450_lambda0.1150_strength1.0,0.545,0.11499999999999999,1.0,0.5179020559266435,True,6.346306538648802,-0.7557834472369332,14.716844603696753,7.698003589195011
field_alpha0.5450_lambda0.1150_strength2.0,0.545,0.11499999999999999,2.0,0.5458419045430281,True,12.269206476102358,-1.409367160688463,25.844905424161254,15.396007178390022
field_alpha0.5450_lambda0.1150_strength5.0,0.545,0.11499999999999999,5.0,0.5634719331132608,True,30.04212191251526,-3.3701183010430547,59.229087885554755,38.490017945975055
field_alpha0.5450_lambda0.1150_strength10.0,0.545,0.11499999999999999,10.0,0.5694990856559777,True,59.66524353754283,-6.638036868300716,114.86939198787738,76.98003589195011
field_alpha0.5450_lambda0.1162_strength0.0,0.545,0.11624999999999999,0.0,0.13358872189021465,True,1.0,-0.10175575703150294,3.579008047685466,0.0
field_alpha0.5450_lambda0.1162_strength0.1,0.545,0.11624999999999999,0.1,0.20944309839297645,True,1.0358723768755405,-0.16701776378652383,4.690271933883867,0.769800358919501
field_alpha0.5450_lambda0.1162_strength0.5,0.545,0.11624999999999999,0.5,0.46739307167298355,True,3.3792428025587853,-0.42806579080660745,9.13532747867747,3.8490017945975055
field_alpha0.5450_lambda0.1162_strength1.0,0.545,0.11624999999999999,1.0,0.5183660936133607,True,6.332569712979804,-0.754375824581711,14.69164690966946,7.698003589195011
field_alpha0.5450_lambda0.1162_strength2.0,0.545,0.11624999999999999,2.0,0.5462923645021827,True,12.244174295236139,-1.4069958921319201,25.804285771653475,15.396007178390022
field_alpha0.5450_lambda0.1162_strength5.0,0.545,0.11624999999999999,5.0,0.5639110242536894,True,29.98314753095631,-3.364856094782548,59.142202357605434,38.490017945975055
field_alpha0.5450_lambda0.1162_strength10.0,0.545,0.11624999999999999,10.0,0.5699353935045333,True,59.54951268807311,-6.627956432533591,114.70539666752549,76.98003589195011
field_alpha0.5450_lambda0.1175_strength0.0,0.545,0.1175,0.0,0.1341365700563362,True,1.0,-0.10131389543414751,3.569270605997367,0.0
field_alpha0.5450_lambda0.1175_strength0.1,0.545,0.1175,0.1,0.20959814261964974,True,1.0322602551282634,-0.16647978449525108,4.678996077729856,0.769800358919501
field_alpha0.5450_lambda0.1175_strength0.5,0.545,0.1175,0.5,0.46786255700443347,True,3.3711919188275754,-0.42714334073966553,9.117897964659814,3.8490017945975055
field_alpha0.5450_lambda0.1175_strength1.0,0.545,0.1175,1.0,0.5188301512332057,True,6.318884695595,-0.7529727860451833,14.666525323322265,7.698003589195011
field_alpha0.5450_lambda0.1175_strength2.0,0.545,0.1175,2.0,0.5467430403518161,True,12.219222323950557,-1.4046316766562197,25.76378004064717,15.396007178390022
field_alpha0.5450_lambda0.1175_strength5.0,0.545,0.1175,5.0,0.5643502950652561,True,29.92434928708781,-3.3596083484893264,59.05554419262185,38.490017945975055
field_alpha0.5450_lambda0.1175_strength10.0,0.545,0.1175,10.0,0.5703709067762333,True,59.434219481599364,-6.6179028015445045,114.54181777924639,76.98003589195011
field_alpha0.5450_lambda0.1187_strength0.0,0.545,0.11875,0.0,0.13468572354324243,True,1.0,-0.10087413822769706,3.5595712847742074,0.0
field_alpha0.5450_lambda0.1187_strength0.1,0.545,0.11875,0.1,0.2097557103108977,True,1.028667340263453,-0.16594415563665288,4.667762110903951,0.769800358919501
field_alpha0.5450_lambda0.1187_strength0.5,0.545,0.11875,0.5,0.4683295776490502,True,3.363194858687133,-0.4262242252724755,9.100525415422933,3.8490017945975055
field_alpha0.5450_lambda0.1187_strength1.0,0.545,0.11875,1.0,0.5192902329516007,True,6.305299721787949,-0.7515743123172536,14.641479546071656,7.698003589195011
field_alpha0.5450_lambda0.1187_strength2.0,0.545,0.11875,2.0,0.547192064521714,True,12.194391807312915,-1.4022744864068097,25.7233878073691,15.396007178390022
field_alpha0.5450_lambda0.1187_strength5.0,0.545,0.11875,5.0,0.5647880236191591,True,29.865817483806772,-3.3543750086754764,58.96911259126142,38.490017945975055
field_alpha0.5450_lambda0.1187_strength10.0,0.545,0.11875,10.0,0.5708022308542628,True,59.31971449400584,-6.607875879123264,114.37865389774869,76.98003589195011
field_alpha0.5450_lambda0.1200_strength0.0,0.545,0.12,0.0,0.13523623567301943,True,1.0,-0.10043647470331735,3.5499099114688537,0.0
field_alpha0.5450_lambda0.1200_strength0.1,0.545,0.12,0.1,0.2099149916860795,True,1.0250974745411052,-0.165410865650949,4.656569848389226,0.769800358919501
field_alpha0.5450_lambda0.1200_strength0.5,0.545,0.12,0.5,0.4687971796654622,True,3.35522941381761,-0.42530842944147584,9.083209596070718,3.8490017945975055
field_alpha0.5450_lambda0.1200_strength1.0,0.545,0.12,1.0,0.5197506177342207,True,6.291762271225304,-0.7501803841796328,14.616509280672565,7.698003589195011
field_alpha0.5450_lambda0.1200_strength2.0,0.545,0.12,2.0,0.5476381894385794,True,12.16970974119692,-1.3999242936559482,25.683108649876274,15.396007178390022
field_alpha0.5450_lambda0.1200_strength5.0,0.545,0.12,5.0,0.5652224131626297,True,29.807645381681173,-3.3491560220848964,58.88290675748744,38.490017945975055
field_alpha0.5450_lambda0.1200_strength10.0,0.545,0.12,10.0,0.571233721113771,True,59.20554128906817,-6.597875569466477,114.215903603506,76.98003589195011
field_alpha0.5500_lambda0.1100_strength0.0,0.55,0.11,0.0,0.1313015455224194,True,1.0,-0.10386396635209624,3.6263055732529454,0.0
field_alpha0.5500_lambda0.1100_strength0.1,0.55,0.11,0.1,0.20847153277389707,True,1.0528120460317818,-0.16958022866546196,4.744853730393709,0.769800358919501
field_alpha0.5500_lambda0.1100_strength0.5,0.55,0.11,0.5,0.4651592419155774,True,3.417057673471257,-0.432445277918924,9.219046358956753,3.8490017945975055
field_alpha0.5500_lambda0.1100_strength1.0,0.55,0.11,1.0,0.5161893198072088,True,6.396943711092407,-0.7610265894857521,14.811787144660558,7.698003589195011
field_alpha0.5500_lambda0.1100_strength2.0,0.55,0.11,2.0,0.5441875886636853,True,12.361822091153378,-1.4181892126194076,25.99726871606818,15.396007178390022
field_alpha0.5500_lambda0.1100_strength5.0,0.55,0.11,5.0,0.5618663167381371,True,30.26075428507923,-3.3896770820203788,59.55371343029107,38.490017945975055
field_alpha0.5500_lambda0.1100_strength10.0,0.55,0.11,10.0,0.5679150712738862,True,60.09363184591074,-6.675490197688652,115.48112128732913,76.98003589195011
field_alpha0.5500_lambda0.1113_strength0.0,0.55,0.11125,0.0,0.13184058174947458,True,1.0,-0.10341199557047984,3.6163836928488085,0.0
field_alpha0.5500_lambda0.1113_strength0.1,0.55,0.11125,0.1,0.20861484012493545,True,1.0491072440145386,-0.16903096854267674,4.73337545820973,0.769800358919501
field_alpha0.5500_lambda0.1113_strength0.5,0.55,0.11125,0.5,0.4656308448010842,True,3.408820470095295,-0.4315068604314647,9.20134251965342,3.8490017945975055
field_alpha0.5500_lambda0.1113_strength1.0,0.55,0.11125,1.0,0.5166569283965597,True,6.382970291079869,-0.75960172529245,14.78630134645803,7.698003589195011
field_alpha0.5500_lambda0.1113_strength2.0,0.55,0.11125,2.0,0.5446452914513092,True,12.336310749097345,-1.4157914550144193,25.956219000067257,15.396007178390022
field_alpha0.5500_lambda0.1113_strength5.0,0.55,0.11125,5.0,0.562314390020759,True,30.200608558088135,-3.3843606441803313,59.46597196089494,38.490017945975055
field_alpha0.5500_lambda0.1113_strength10.0,0.55,0.11125,10.0,0.5683565547554543,True,59.976040019394624,-6.665309292790183,115.31556022894102,76.98003589195011
field_alpha0.5500_lambda0.1125_strength0.0,0.55,0.1125,0.0,0.13238077678906443,True,1.0,-0.10296218105598229,3.6065007717488493,0.0
field_alpha0.5500_lambda0.1125_strength0.1,0.55,0.1125,0.1,0.2087596809611056,True,1.0454271709091436,-0.16848411481028103,4.721939974086563,0.769800358919501
field_alpha0.5500_lambda0.1125_strength0.5,0.55,0.1125,0.5,0.4661030613911367,True,3.400616114419296,-0.4305718498274758,9.183696783437417,3.8490017945975055
field_alpha0.5500_lambda0.1125_strength1.0,0.55,0.1125,1.0,0.5171248651610086,True,6.369046216104144,-0.7581815185989687,14.760892795125987,7.698003589195011
field_alpha0.5500_lambda0.1125_strength2.0,0.55,0.1125,2.0,0.545100285929926,True,12.3109481085291,-1.4134008561419569,25.915284818503142,15.396007178390022
field_alpha0.5500_lambda0.1125_strength5.0,0.55,0.1125,5.0,0.5627583597270338,True,30.140874046219604,-3.3790588687709193,59.37846088863455,38.490017945975055
field_alpha0.5500_lambda0.1125_strength10.0,0.55,0.1125,10.0,0.5687978518905006,True,59.85883133599965,-6.655155556485856,115.15042100552031,76.98003589195011
field_alpha0.5500_lambda0.1138_strength0.0,0.55,0.11375,0.0,0.13292215941530544,True,1.0,-0.10251451182427068,3.5966566332906145,0.0
field_alpha0.5500_lambda0.1138_strength0.1,0.55,0.11375,0.1,0.20890725928496345,True,1.0417656464621925,-0.16793965561617147,4.710547088655264,0.769800358919501
field_alpha0.5500_lambda0.1138_strength0.5,0.55,0.11375,0.5,0.46657201937151205,True,3.3924725703756886,-0.42964023078377395,9.166108910113863,3.8490017945975055
field_alpha0.5500_lambda0.1138_strength1.0,0.55,0.11375,1.0,0.5175907668311213,True,6.355200247285349,-0.7567659497432779,14.735561186937115,7.698003589195011
field_alpha0.5500_lambda0.1138_strength2.0,0.55,0.11375,2.0,0.5455555065509308,True,12.285667126343084,-1.4110173876622862,25.874465740583627,15.396007178390022
field_alpha0.5500_lambda0.1138_strength5.0,0.55,0.11375,5.0,0.5632025180876749,True,30.081318810797395,-3.3737717014193067,59.29117940152314,38.490017945975055
field_alpha0.5500_lambda0.1138_strength10.0,0.55,0.11375,10.0,0.569237577323095,True,59.742149449998195,-6.645028891014345,114.98570216975565,76.98003589195011
field_alpha0.5500_lambda0.1150_strength0.0,0.55,0.11499999999999999,0.0,0.13346475785814926,True,1.0,-0.10206897694900363,3.5868511016750073,0.0
field_alpha0.5500_lambda0.1150_strength0.1,0.55,0.11499999999999999,0.1,0.20905757539751926,True,1.0381225694378096,-0.16739757916979728,4.699196613460254,0.769800358919501
field_alpha0.5500_lambda0.1150_strength0.5,0.55,0.11499999999999999,0.5,0.4670415360130152,True,3.384361699256574,-0.4287119880529731,9.148578660601254,3.8490017945975055
field_alpha0.5500_lambda0.1150_strength1.0,0.55,0.11499999999999999,1.0,0.5180547554851579,True,6.3414303687127465,-0.7553549991569432,14.710306219527506,7.698003589195011
field_alpha0.5500_lambda0.1150_strength2.0,0.55,0.11499999999999999,2.0,0.5460075748727371,True,12.260543282646887,-1.4086410213648812,25.833761337380004,15.396007178390022
field_alpha0.5500_lambda0.1150_strength5.0,0.55,0.11499999999999999,5.0,0.5636440780639531,True,30.022090533402164,-3.3684990879886967,59.204126690937485,38.490017945975055
field_alpha0.5500_lambda0.1150_strength10.0,0.55,0.11499999999999999,10.0,0.5696738937149797,True,59.62618375434839,-6.634929199028389,114.82140228019995,76.98003589195011
field_alpha0.5500_lambda0.1162_strength0.0,0.55,0.11624999999999999,0.0,0.13400859980724647,True,1.0,-0.10162556556151885,3.57708400196191,0.0
field_alpha0.5500_lambda0.1162_strength0.1,0.55,0.11624999999999999,0.1,0.20921062952384548,True,1.0344978391622615,-0.16685787374183264,4.687888360954729,0.769800358919501
field_alpha0.5500_lambda0.1162_strength0.5,0.55,0.11624999999999999,0.5,0.4675116499104695,True,3.376283030401577,-0.42778710646308815,9.131105796926008,3.8490017945975055
field_alpha0.5500_lambda0.1162_strength1.0,0.55,0.11624999999999999,1.0,0.5185190594893988,True,6.327708883189716,-0.7539486473646579,14.685127591890115,7.698003589195011
field_alpha0.5500_lambda0.1162_strength2.0,0.55,0.11624999999999999,2.0,0.5464582495001474,True,12.2355361684139,-1.4062717291677957,25.793171181818302,15.396007178390022
field_alpha0.5500_lambda0.1162_strength5.0,0.55,0.11624999999999999,5.0,0.5640833584069855,True,29.963170295216624,-3.3632409745772107,59.1173019516029,38.490017945975055
field_alpha0.5500_lambda0.1162_strength10.0,0.55,0.11624999999999999,10.0,0.5701103847738046,True,59.510555713473636,-6.624856383592903,114.65751990124386,76.98003589195011
field_alpha0.5500_lambda0.1175_strength0.0,0.55,0.1175,0.0,0.1345537124157657,True,1.0,-0.10118426685052159,3.567355160065772,0.0
field_alpha0.5500_lambda0.1175_strength0.1,0.55,0.1175,0.1,0.20936632319698997,True,1.0308918410923602,-0.1663205276638466,4.6766221444960125,0.769800358919501
field_alpha0.5500_lambda0.1175_strength0.5,0.55,0.1175,0.5,0.46797936107677757,True,3.3682579680935483,-0.42686557091714683,9.113690082216982,3.8490017945975055
field_alpha0.5500_lambda0.1175_strength1.0,0.55,0.1175,1.0,0.5189810406597798,True,6.314067636814156,-0.7525468749837729,14.660025004368197,7.698003589195011
field_alpha0.5500_lambda0.1175_strength2.0,0.55,0.1175,2.0,0.5469091397271421,True,12.21060916714939,-1.4039094831170238,25.752694848670615,15.396007178390022
field_alpha0.5500_lambda0.1175_strength5.0,0.55,0.1175,5.0,0.5645228182326331,True,29.904425997520825,-3.3579973075167775,59.03070438157789,38.490017945975055
field_alpha0.5500_lambda0.1175_strength10.0,0.55,0.1175,10.0,0.5705435468053565,True,59.39562868162685,-6.614810348183031,114.49405360308998,76.98003589195011
field_alpha0.5500_lambda0.1187_strength0.0,0.55,0.11875,0.0,0.13510012230387963,True,1.0,-0.10074507006177447,3.557664402751248,0.0
field_alpha0.5500_lambda0.1187_strength0.1,0.55,0.11875,0.1,0.20952362205127573,True,1.0273095414040563,-0.16578552932797946,4.665397778341003,0.769800358919501
field_alpha0.5500_lambda0.1187_strength0.5,0.55,0.11875,0.5,0.46844675944265773,True,3.3602711158088368,-0.42594736639279945,9.096331280700017,3.8490017945975055
field_alpha0.5500_lambda0.1187_strength1.0,0.55,0.11875,1.0,0.519441384269499,True,6.300497775746523,-0.7511496627238243,14.63499815864878,7.698003589195011
field_alpha0.5500_lambda0.1187_strength2.0,0.55,0.11875,2.0,0.5473559340073709,True,12.185857892742854,-1.401554255385873,25.712331914546308,15.396007178390022
field_alpha0.5500_lambda0.1187_strength5.0,0.55,0.11875,5.0,0.5649582266984591,True,29.846080398066828,-3.352768033372023,58.944333182238914,38.490017945975055
field_alpha0.5500_lambda0.1187_strength10.0,0.55,0.11875,10.0,0.5709750496599818,True,59.2812249632651,-6.604790996682275,114.33100196172657,76.98003589195011
field_alpha0.5500_lambda0.1200_strength0.0,0.55,0.12,0.0,0.1356478555620181,True,1.0,-0.10030796449779035,3.548011557628859,0.0
field_alpha0.5500_lambda0.1200_strength0.1,0.55,0.12,0.1,0.2096836604768785,True,1.023745232091098,-0.165252867186618,4.65421507764159,0.769800358919501
field_alpha0.5500_lambda0.1200_strength0.5,0.55,0.12,0.5,0.468914738630343,True,3.352315834671437,-0.4250324779419293,9.079029157692514,3.8490017945975055
field_alpha0.5500_lambda0.1200_strength1.0,0.55,0.12,1.0,0.5199020305034223,True,6.286975376278094,-0.7497569913860687,14.610046757756178,7.698003589195011
field_alpha0.5500_lambda0.1200_strength2.0,0.55,0.12,2.0,0.5478022688495018,True,12.161200424936105,-1.3992060182743464,25.672081957883496,15.396007178390022
field_alpha0.5500_lambda0.1200_strength5.0,0.55,0.12,5.0,0.5653928008300023,True,29.787961435967592,-3.3475530989391826,58.858187558265456,38.490017945975055
field_alpha0.5500_lambda0.1200_strength10.0,0.55,0.12,10.0,0.5714067185394098,True,59.16715266846097,-6.594798233380576,114.16836355890212,76.98003589195011
field_alpha0.5550_lambda0.1100_strength0.0,0.555,0.11,0.0,0.13173534468170287,True,1.0,-0.10373097824598275,3.624338460672149,0.0
field_alpha0.5550_lambda0.1100_strength0.1,0.555,0.11,0.1,0.20823629989261616,True,1.0514040963771982,-0.16941720598249113,4.74242211432223,0.769800358919501
field_alpha0.5550_lambda0.1100_strength0.5,0.555,0.11,0.5,0.46527824329920364,True,3.41403203368542,-0.43216211692852496,9.21475672892256,3.8490017945975055
field_alpha0.5550_lambda0.1100_strength1.0,0.555,0.11,1.0,0.5163434469517283,True,6.391980130187921,-0.7605932556110676,14.805174997172966,7.698003589195011
field_alpha0.5550_lambda0.1100_strength2.0,0.555,0.11,2.0,0.5443574323120501,True,12.352952501894176,-1.417455532976153,25.986011533673803,15.396007178390022
field_alpha0.5550_lambda0.1100_strength5.0,0.555,0.11,5.0,0.5620428511334837,True,30.24024738956144,-3.3880423650714087,59.52852114317629,38.490017945975055
field_alpha0.5550_lambda0.1100_strength10.0,0.555,0.11,10.0,0.5680921602412086,True,60.05387771590473,-6.672353751896837,115.43270382568045,76.98003589195011
field_alpha0.5550_lambda0.1113_strength0.0,0.555,0.11125,0.0,0.13227168806677558,True,1.0,-0.10327958255105009,3.6144253580257217,0.0
field_alpha0.5550_lambda0.1113_strength0.1,0.555,0.11125,0.1,0.2083792085856975,True,1.0477107613554542,-0.1688685923411274,4.730953674932534,0.769800358919501
field_alpha0.5550_lambda0.1113_strength0.5,0.555,0.11125,0.5,0.4657502331779481,True,3.4058054287581205,-0.43122463150143586,9.197066942559774,3.8490017945975055
field_alpha0.5550_lambda0.1113_strength1.0,0.555,0.11125,1.0,0.5168113272866327,True,6.378022396052047,-0.7591696804518218,14.77970852709383,7.698003589195011
field_alpha0.5550_lambda0.1113_strength2.0,0.555,0.11125,2.0,0.5448128922282307,True,12.327522733958514,-1.415059778352594,25.944991696161928,15.396007178390022
field_alpha0.5550_lambda0.1113_strength5.0,0.555,0.11125,5.0,0.5624885914650898,True,30.18029317655882,-3.382730072054907,59.440841203366276,38.490017945975055
field_alpha0.5550_lambda0.1113_strength10.0,0.555,0.11125,10.0,0.5685334619928631,True,59.93643004422051,-6.662180561558766,115.26725704870677,76.98003589195011
field_alpha0.5550_lambda0.1125_strength0.0,0.555,0.1125,0.0,0.13280916987900074,True,1.0,-0.10283034059848899,3.604551178019264,0.0
field_alpha0.5550_lambda0.1125_strength0.1,0.555,0.1125,0.1,0.20852478432700167,True,1.0440364244364648,-0.1683223823395356,4.719527983744226,0.769800358919501
field_alpha0.5550_lambda0.1125_strength0.5,0.555,0.1125,0.5,0.4662207130580455,True,3.397627098385811,-0.43029054930372157,9.179435206644078,3.8490017945975055
field_alpha0.5550_lambda0.1125_strength1.0,0.555,0.1125,1.0,0.5172794143204417,True,6.3641154319631745,-0.7577507580089549,14.754319235268905,7.698003589195011
field_alpha0.5550_lambda0.1125_strength2.0,0.555,0.1125,2.0,0.5452681062259606,True,12.302185615330142,-1.4126711754194197,25.904087292518533,15.396007178390022
field_alpha0.5550_lambda0.1125_strength5.0,0.555,0.1125,5.0,0.5629327550922403,True,30.12061378259331,-3.377432427650817,59.35339146426746,38.490017945975055
field_alpha0.5550_lambda0.1125_strength10.0,0.555,0.1125,10.0,0.5689749470348661,True,59.81932601262287,-6.652034514703142,115.10223175051559,76.98003589195011
field_alpha0.5550_lambda0.1138_strength0.0,0.555,0.11375,0.0,0.13334781798606424,True,1.0,-0.10238324141558097,3.594715744151559,0.0
field_alpha0.5550_lambda0.1138_strength0.1,0.555,0.11375,0.1,0.2086731014315587,True,1.0403806105342772,-0.1677785641380636,4.7081448515609985,0.769800358919501
field_alpha0.5550_lambda0.1138_strength0.5,0.555,0.11375,0.5,0.4666900120122887,True,3.389494303086344,-0.42935985502799395,9.161861281198753,3.8490017945975055
field_alpha0.5550_lambda0.1138_strength1.0,0.555,0.11375,1.0,0.5177433528242148,True,6.3503123865211535,-0.7563364686404055,14.729006818245935,7.698003589195011
field_alpha0.5550_lambda0.1138_strength2.0,0.555,0.11375,2.0,0.5457227039427185,True,12.276949001728545,-1.410289695865232,25.863297892340334,15.396007178390022
field_alpha0.5550_lambda0.1138_strength5.0,0.555,0.11375,5.0,0.5633770498489127,True,30.061116523412352,-3.3721493775397056,59.2661711146235,38.490017945975055
field_alpha0.5550_lambda0.1138_strength10.0,0.555,0.11375,10.0,0.5694123135451984,True,59.7030152457067,-6.641915513663834,114.93762648509542,76.98003589195011
field_alpha0.5550_lambda0.1150_strength0.0,0.555,0.11499999999999999,0.0,0.13388765970402663,True,1.0,-0.10193827408754434,3.584918880784036,0.0
field_alpha0.5550_lambda0.1150_strength0.1,0.555,0.11499999999999999,0.1,0.20882416018335395,True,1.0367432185328467,-0.16723712595855278,4.69680409009913,0.769800358919501
field_alpha0.5550_lambda0.1150_strength0.5,0.555,0.11499999999999999,0.5,0.46715991115581845,True,3.3813938286173495,-0.4284325334425871,9.144344927359512,3.8490017945975055
field_alpha0.5550_lambda0.1150_strength1.0,0.555,0.11499999999999999,1.0,0.5182076083226486,True,6.336557897509894,-0.7549267927976288,14.703770973934972,7.698003589195011
field_alpha0.5550_lambda0.1150_strength2.0,0.555,0.11499999999999999,2.0,0.5461733766580471,True,12.251886569472635,-1.4079153115077137,25.822623067085917,15.396007178390022
field_alpha0.5550_lambda0.1150_strength5.0,0.555,0.11499999999999999,5.0,0.5638163392350741,True,30.002073930796314,-3.3668808676379682,59.17917934653874,38.490017945975055
field_alpha0.5550_lambda0.1150_strength10.0,0.555,0.11499999999999999,10.0,0.569848813339563,True,59.58715263298675,-6.631823461188392,114.77343981229345,76.98003589195011
field_alpha0.5550_lambda0.1162_strength0.0,0.555,0.11624999999999999,0.0,0.1344287218010645,True,1.0,-0.10149542775722117,3.5751604131363455,0.0
field_alpha0.5550_lambda0.1162_strength0.1,0.555,0.11624999999999999,0.1,0.20897796079023062,True,1.0331241478777042,-0.16669805608401034,4.685505511982878,0.769800358919501
field_alpha0.5550_lambda0.1162_strength0.5,0.555,0.11624999999999999,0.5,0.46762914986698983,True,3.373334580082842,-0.42750856939116666,9.12688590736901,3.8490017945975055
field_alpha0.5550_lambda0.1162_strength1.0,0.555,0.11624999999999999,1.0,0.5186717800806566,True,6.322856598445097,-0.7535217110251116,14.678611401601664,7.698003589195011
field_alpha0.5550_lambda0.1162_strength2.0,0.555,0.11624999999999999,2.0,0.5466242660025126,True,12.226904499512223,-1.4055479942930023,25.782062390066987,15.396007178390022
field_alpha0.5550_lambda0.1162_strength5.0,0.555,0.11624999999999999,5.0,0.5642558088200001,True,29.943207787470246,-3.3616268440966786,59.092415355462954,38.490017945975055
field_alpha0.5550_lambda0.1162_strength10.0,0.555,0.11624999999999999,10.0,0.5702847810731242,True,59.47170099306542,-6.621758260436131,114.60967029778956,76.98003589195011
field_alpha0.5550_lambda0.1175_strength0.0,0.555,0.1175,0.0,0.13497103050090098,True,1.0,-0.1010546916247661,3.565440167281974,0.0
field_alpha0.5550_lambda0.1175_strength0.1,0.555,0.1175,0.1,0.2091332856870873,True,1.0295292930615219,-0.16616134285828077,4.674248930739861,0.769800358919501
field_alpha0.5550_lambda0.1175_strength0.5,0.555,0.1175,0.5,0.4680963424857162,True,3.365326239892213,-0.42658794779233933,9.10948398457139,3.8490017945975055
field_alpha0.5550_lambda0.1175_strength1.0,0.555,0.1175,1.0,0.5191320814145315,True,6.309254215506794,-0.7521212039599127,14.65352780186081,7.698003589195011
field_alpha0.5550_lambda0.1175_strength2.0,0.555,0.1175,2.0,0.5470735942082274,True,12.202042068106318,-1.4031877162950588,25.741615436439655,15.396007178390022
field_alpha0.5550_lambda0.1175_strength5.0,0.555,0.1175,5.0,0.5646939561596036,True,29.884596851497943,-3.3563872533005004,59.005878340176196,38.490017945975055
field_alpha0.5550_lambda0.1175_strength10.0,0.555,0.1175,10.0,0.5707162960949989,True,59.35706610297192,-6.611719814976233,114.44631651307039,76.98003589195011
field_alpha0.5550_lambda0.1187_strength0.0,0.555,0.11875,0.0,0.13551463900105423,True,1.0,-0.1006160549473366,3.555757970143886,0.0
field_alpha0.5550_lambda0.1187_strength0.1,0.555,0.11875,0.1,0.20929134007223194,True,1.025952570948483,-0.16562697468572146,4.663034160796478,0.769800358919501
field_alpha0.5550_lambda0.1187_strength0.5,0.555,0.11875,0.5,0.46856411885595367,True,3.3573495867528464,-0.42567065363926054,9.092138923406841,3.8490017945975055
field_alpha0.5550_lambda0.1187_strength1.0,0.555,0.11875,1.0,0.5195926870056982,True,6.295699453891958,-0.7507252523311846,14.628519876669795,7.698003589195011
field_alpha0.5550_lambda0.1187_strength2.0,0.555,0.11875,2.0,0.547519932821964,True,12.17733033298656,-1.4008344497150316,25.701281783195697,15.396007178390022
field_alpha0.5550_lambda0.1187_strength5.0,0.555,0.11875,5.0,0.5651285437680094,True,29.826357811624277,-3.35116204186658,58.919567502773496,38.490017945975055
field_alpha0.5550_lambda0.1187_strength10.0,0.555,0.11875,10.0,0.5711479777624191,True,59.24276356321138,-6.601708028785813,114.28337703540298,76.98003589195011
field_alpha0.5550_lambda0.1200_strength0.0,0.555,0.12,0.0,0.1360596579205058,True,1.0,-0.10017950703878645,3.546113649490179,0.0
field_alpha0.5550_lambda0.1200_strength0.1,0.555,0.12,0.1,0.20945213779547117,True,1.0223938143564035,-0.16509494003087943,4.651861017473374,0.769800358919501
field_alpha0.5550_lambda0.1200_strength0.5,0.555,0.12,0.5,0.4690324752491687,True,3.349404462435764,-0.4247566719992507,9.07485048940615,3.8490017945975055
field_alpha0.5550_lambda0.1200_strength1.0,0.555,0.12,1.0,0.5200533095231464,True,6.282195538160923,-0.7493338369597157,14.60358732932213,7.698003589195011
field_alpha0.5550_lambda0.1200_strength2.0,0.555,0.12,2.0,0.5479664776327676,True,12.15269744162289,-1.398488166880646,25.661061009154082,15.396007178390022
field_alpha0.5550_lambda0.1200_strength5.0,0.555,0.12,5.0,0.565563302522315,True,29.768291942086343,-3.3459511566434337,58.83348204864995,38.490017945975055
field_alpha0.5550_lambda0.1200_strength10.0,0.555,0.12,10.0,0.5715777558334569,True,59.12900617097442,-6.591722806248084,114.12085044780973,76.98003589195011
field_alpha0.5600_lambda0.1100_strength0.0,0.56,0.11,0.0,0.13216929607436195,True,1.0,-0.1035980454165601,3.622371824924612,0.0
field_alpha0.5600_lambda0.1100_strength0.1,0.56,0.11,0.1,0.20799980007818883,True,1.0500023441608202,-0.16925425755428866,4.739991245667973,0.769800358919501
field_alpha0.5600_lambda0.1100_strength0.5,0.56,0.11,0.5,0.4653974242227134,True,3.411008713529371,-0.43187910610520175,9.210468928641403,3.8490017945975055
field_alpha0.5600_lambda0.1100_strength1.0,0.56,0.11,1.0,0.5164977293153997,True,6.387020336268248,-0.7601601667938436,14.798566032358197,7.698003589195011
field_alpha0.5600_lambda0.1100_strength2.0,0.56,0.11,2.0,0.5445254200461179,True,12.344134757192196,-1.4167222881711272,25.974760239791784,15.396007178390022
field_alpha0.5600_lambda0.1100_strength5.0,0.56,0.11,5.0,0.5622187430695389,True,30.219796764479558,-3.3864086523029786,59.503342862092545,38.490017945975055
field_alpha0.5600_lambda0.1100_strength10.0,0.56,0.11,10.0,0.5682689933140984,True,60.01419199173701,-6.669219259189396,115.3843138992605,76.98003589195011
field_alpha0.5600_lambda0.1113_strength0.0,0.56,0.11125,0.0,0.13270299646315747,True,1.0,-0.10314722449318946,3.6124674961932635,0.0
field_alpha0.5600_lambda0.1113_strength0.1,0.56,0.11125,0.1,0.20814336804676337,True,1.0463151406408056,-0.16870629002515156,4.728532634489127,0.769800358919501
field_alpha0.5600_lambda0.1113_strength0.5,0.56,0.11125,0.5,0.46586942180065216,True,3.402795470579632,-0.430942552153001,9.192793187672608,3.8490017945975055
field_alpha0.5600_lambda0.1113_strength1.0,0.56,0.11125,1.0,0.5169658815001544,True,6.373078274104549,-0.7587378798128128,14.773118879151959,7.698003589195011
field_alpha0.5600_lambda0.1113_strength2.0,0.56,0.11125,2.0,0.5449806267197964,True,12.31874132327282,-1.4143285351324373,25.93377026211067,15.396007178390022
field_alpha0.5600_lambda0.1113_strength5.0,0.56,0.11125,5.0,0.5626629114663418,True,30.15999284416012,-3.3811005010913093,59.41572441098678,38.490017945975055
field_alpha0.5600_lambda0.1113_strength10.0,0.56,0.11125,10.0,0.568710483164298,True,59.89684925190668,-6.659053777689422,115.21898132578023,76.98003589195011
field_alpha0.5600_lambda0.1125_strength0.0,0.56,0.1125,0.0,0.1332378312529039,True,1.0,-0.10269855478890538,3.602602053456066,0.0
field_alpha0.5600_lambda0.1125_strength0.1,0.56,0.1125,0.1,0.20828968091734892,True,1.0426465360729404,-0.1681607233868129,4.7171167316730545,0.769800358919501
field_alpha0.5600_lambda0.1125_strength0.5,0.56,0.1125,0.5,0.4663385009491229,True,3.3946406683399504,-0.430009397778442,9.175175444540987,3.8490017945975055
field_alpha0.5600_lambda0.1125_strength1.0,0.56,0.1125,1.0,0.517431886281414,True,6.359215842608194,-0.7573202407679791,14.747748835625924,7.698003589195011
field_alpha0.5600_lambda0.1125_strength2.0,0.56,0.1125,2.0,0.5454360602908037,True,12.293429703731459,-1.411941926747052,25.89289561779575,15.396007178390022
field_alpha0.5600_lambda0.1125_strength5.0,0.56,0.1125,5.0,0.5631072690583017,True,30.100368518545398,-3.375806984684272,59.328335964305296,38.490017945975055
field_alpha0.5600_lambda0.1125_strength10.0,0.56,0.1125,10.0,0.5691506532628879,True,59.7800076321454,-6.6489154145796405,115.05406987515455,76.98003589195011
field_alpha0.5600_lambda0.1138_strength0.0,0.56,0.11375,0.0,0.13377382765863136,True,1.0,-0.10225202534259845,3.592775320372996,0.0
field_alpha0.5600_lambda0.1138_strength0.1,0.56,0.11375,0.1,0.20843873903309826,True,1.0389964288968105,-0.16761754581206287,4.705743348195968,0.769800358919501
field_alpha0.5600_lambda0.1138_strength0.5,0.56,0.11375,0.5,0.4668081832262171,True,3.3865183060190094,-0.42907962768992053,9.157615459487866,3.8490017945975055
field_alpha0.5600_lambda0.1138_strength1.0,0.56,0.11375,1.0,0.5178960921567684,True,6.345428236331155,-0.7559072300372431,14.722455598602748,7.698003589195011
field_alpha0.5600_lambda0.1138_strength2.0,0.56,0.11375,2.0,0.5458884222272238,True,12.26827364620967,-1.4095624347318862,25.852135876832477,15.396007178390022
field_alpha0.5600_lambda0.1138_strength5.0,0.56,0.11375,5.0,0.5635492378429094,True,30.041060443192283,-3.3705280488158222,59.24117671152176,38.490017945975055
field_alpha0.5600_lambda0.1138_strength10.0,0.56,0.11375,10.0,0.5695871613572474,True,59.6639097752755,-6.6388040722890445,114.88957810267046,76.98003589195011
field_alpha0.5600_lambda0.1150_strength0.0,0.56,0.11499999999999999,0.0,0.13431101234015871,True,1.0,-0.10180762525103991,3.5829871214659037,0.0
field_alpha0.5600_lambda0.1150_strength0.1,0.56,0.11499999999999999,0.1,0.20859054266090374,True,1.0353647181161414,-0.1670767455351286,4.694412295945931,0.769800358919501
field_alpha0.5600_lambda0.1150_strength0.5,0.56,0.11499999999999999,0.5,0.4672784651656645,True,3.3784282192840767,-0.4281532266714835,9.140112993866044,3.8490017945975055
field_alpha0.5600_lambda0.1150_strength1.0,0.56,0.11499999999999999,1.0,0.5183606145965816,True,6.331689123292802,-0.7544988280919275,14.697238866266186,7.698003589195011
field_alpha0.5600_lambda0.1150_strength2.0,0.56,0.11499999999999999,2.0,0.546339309999589,True,12.243236332746921,-1.4071900309328145,25.811490611066453,15.396007178390022
field_alpha0.5600_lambda0.1150_strength5.0,0.56,0.11499999999999999,5.0,0.5639887166989153,True,29.982072094632258,-3.3652636394554793,59.1542458454673,38.490017945975055
field_alpha0.5600_lambda0.1150_strength10.0,0.56,0.11499999999999999,10.0,0.5700238445946414,True,59.54815015293968,-6.628719653659917,114.72550456946868,76.98003589195011
field_alpha0.5600_lambda0.1162_strength0.0,0.56,0.11624999999999999,0.0,0.13484941140559042,True,1.0,-0.10136534366856922,3.5732372821141287,0.0
field_alpha0.5600_lambda0.1162_strength0.1,0.56,0.11624999999999999,0.1,0.2087439870597077,True,1.0317567646007055,-0.16653831085134266,4.683123387718162,0.769800358919501
field_alpha0.5600_lambda0.1162_strength0.5,0.56,0.11624999999999999,0.5,0.46774593005340714,True,3.3703948390618925,-0.4272301795824367,9.122667810134292,3.8490017945975055
field_alpha0.5600_lambda0.1162_strength1.0,0.56,0.11624999999999999,1.0,0.5188227098057462,True,6.318031664912171,-0.7530950154963045,14.672098338154461,7.698003589195011
field_alpha0.5600_lambda0.1162_strength2.0,0.56,0.11624999999999999,2.0,0.5467904141097506,True,12.218279284712226,-1.4048246873240389,25.770959394194783,15.396007178390022
field_alpha0.5600_lambda0.1162_strength5.0,0.56,0.11624999999999999,5.0,0.5644283755649209,True,29.923259997686195,-3.3600137028072488,59.06754256231581,38.490017945975055
field_alpha0.5600_lambda0.1162_strength10.0,0.56,0.11624999999999999,10.0,0.570457460679757,True,59.433065167631455,-6.618662061945922,114.5618478425175,76.98003589195011
field_alpha0.5600_lambda0.1175_strength0.0,0.56,0.1175,0.0,0.13538905041465873,True,1.0,-0.10092516980678397,3.5635256285501145,0.0
field_alpha0.5600_lambda0.1175_strength0.1,0.56,0.1175,0.1,0.2089000520270534,True,1.0281675774170795,-0.16600223011681772,4.671876437210475,0.769800358919501
field_alpha0.5600_lambda0.1175_strength0.5,0.56,0.1175,0.5,0.4682135015089823,True,3.3623967335700145,-0.4263104713569538,9.10527967185193,3.8490017945975055
field_alpha0.5600_lambda0.1175_strength1.0,0.56,0.1175,1.0,0.519283273651557,True,6.30444442996903,-0.7516957729071231,14.647033715153736,7.698003589195011
field_alpha0.5600_lambda0.1175_strength2.0,0.56,0.1175,2.0,0.5472375121393134,True,12.193496210056981,-1.4024663760074634,25.730541801757386,15.396007178390022
field_alpha0.5600_lambda0.1175_strength5.0,0.56,0.1175,5.0,0.5648642024373947,True,29.864835515949174,-3.3547781853084833,58.98106606156828,38.490017945975055
field_alpha0.5600_lambda0.1175_strength10.0,0.56,0.1175,10.0,0.5708891547074098,True,59.31853172550125,-6.6086312008101835,114.39860649458643,76.98003589195011
field_alpha0.5600_lambda0.1187_strength0.0,0.56,0.11875,0.0,0.13592995438184288,True,1.0,-0.10048709293423062,3.5538519878550554,0.0
field_alpha0.5600_lambda0.1187_strength0.1,0.56,0.11875,0.1,0.20905886419137737,True,1.024596429174687,-0.16546849174812192,4.660671259018706,0.769800358919501
field_alpha0.5600_lambda0.1187_strength0.5,0.56,0.11875,0.5,0.468681656166427,True,3.3544302708688405,-0.4253940870036884,9.087948343673332,3.8490017945975055
field_alpha0.5600_lambda0.1187_strength1.0,0.56,0.11875,1.0,0.5197441413140824,True,6.290904754527114,-0.7503010810731467,14.622044699491621,7.698003589195011
field_alpha0.5600_lambda0.1187_strength2.0,0.56,0.11875,2.0,0.547684061062936,True,12.168809124306504,-1.4001150692120619,25.690237411128173,15.396007178390022
field_alpha0.5600_lambda0.1187_strength5.0,0.56,0.11875,5.0,0.5652989748972449,True,29.80664971464227,-3.3495570336288103,58.89481554603789,38.490017945975055
field_alpha0.5600_lambda0.1187_strength10.0,0.56,0.11875,10.0,0.5713210152237262,True,59.20433027377913,-6.598626974323391,114.23577910422077,76.98003589195011
field_alpha0.5600_lambda0.1200_strength0.0,0.56,0.12,0.0,0.13647214777928954,True,1.0,-0.10005110237609531,3.5442161879545306,0.0
field_alpha0.5600_lambda0.1200_strength0.1,0.56,0.12,0.1,0.2092204234664545,True,1.0210432216148517,-0.16493708422195338,4.649507668632137,0.769800358919501
field_alpha0.5600_lambda0.1200_strength0.5,0.56,0.12,0.5,0.46914824565346713,True,3.3465105909270045,-0.42448101160538637,9.070673591342572,3.8490017945975055
field_alpha0.5600_lambda0.1200_strength1.0,0.56,0.12,1.0,0.5202026934657846,True,6.277444000574366,-0.7489109208346779,14.59713099473062,7.698003589195011
field_alpha0.5600_lambda0.1200_strength2.0,0.56,0.12,2.0,0.5481308158856718,True,12.14420078753325,-1.397770739293258,25.650045801506703,15.396007178390022
field_alpha0.5600_lambda0.1200_strength5.0,0.56,0.12,5.0,0.565733918308934,True,29.748636890234195,-3.344350194669006,58.808790221834975,38.490017945975055
field_alpha0.5600_lambda0.1200_strength10.0,0.56,0.12,10.0,0.5717484474677267,True,59.090934318667536,-6.58864928696191,114.07336425571535,76.98003589195011
