filename,mu,ke,d0,max_psi,final_psi,max_Ec,final_Ec,lipschitz,is_stable
run_mu0.10000_ke0.00_d0140.0000.csv,0.1,0.0,140.0,1.0,0.6063789448611849,0.006304173972762685,0.006304173972762685,0.6306964268673705,True
run_mu0.10000_ke0.00_d0145.0000.csv,0.1,0.0,145.0,1.0,0.6063789448611849,0.006304173972762685,0.006304173972762685,0.6306964268673705,True
run_mu0.10000_ke0.00_d0149.9992.csv,0.1,0.0,149.9992314,1.0,0.6063789448611849,0.006304173972762685,0.006304173972762685,0.6306964268673705,True
run_mu0.10000_ke0.00_d0155.0000.csv,0.1,0.0,155.0,1.0,0.6063789448611849,0.006304173972762685,0.006304173972762685,0.6306964268673705,True
run_mu0.10000_ke0.00_d0160.0000.csv,0.1,0.0,160.0,1.0,0.6063789448611849,0.006304173972762685,0.006304173972762685,0.6306964268673705,True
run_mu0.10000_ke0.10_d0140.0000.csv,0.1,0.1,140.0,1.0,0.606903751944605,0.006306534538094806,0.006306534538094806,0.6304628786149623,True
run_mu0.10000_ke0.10_d0145.0000.csv,0.1,0.1,145.0,1.0,0.606903751944605,0.006306534538094806,0.006306534538094806,0.6304628786149623,True
run_mu0.10000_ke0.10_d0149.9992.csv,0.1,0.1,149.9992314,1.0,0.606903751944605,0.006306534538094806,0.006306534538094806,0.6304628786149623,True
run_mu0.10000_ke0.10_d0155.0000.csv,0.1,0.1,155.0,1.0,0.606903751944605,0.006306534538094806,0.006306534538094806,0.6304628786149623,True
run_mu0.10000_ke0.10_d0160.0000.csv,0.1,0.1,160.0,1.0,0.606903751944605,0.006306534538094806,0.006306534538094806,0.6304628786149623,True
run_mu0.10000_ke0.20_d0140.0000.csv,0.1,0.2,140.0,1.0,0.6074285590280266,0.006308895103426953,0.006308895103426953,0.6302295051335371,True
run_mu0.10000_ke0.20_d0145.0000.csv,0.1,0.2,145.0,1.0,0.6074285590280266,0.006308895103426953,0.006308895103426953,0.6302295051335371,True
run_mu0.10000_ke0.20_d0149.9992.csv,0.1,0.2,149.9992314,1.0,0.6074285590280266,0.006308895103426953,0.006308895103426953,0.6302295051335371,True
run_mu0.10000_ke0.20_d0155.0000.csv,0.1,0.2,155.0,1.0,0.6074285590280266,0.006308895103426953,0.006308895103426953,0.6302295051335371,True
run_mu0.10000_ke0.20_d0160.0000.csv,0.1,0.2,160.0,1.0,0.6074285590280266,0.006308895103426953,0.006308895103426953,0.6302295051335371,True
run_mu0.10000_ke0.30_d0140.0000.csv,0.1,0.3,140.0,1.0,0.6079533661114472,0.006311255668759067,0.006311255668759067,0.6299963062269951,True
run_mu0.10000_ke0.30_d0145.0000.csv,0.1,0.3,145.0,1.0,0.6079533661114472,0.006311255668759067,0.006311255668759067,0.6299963062269951,True
run_mu0.10000_ke0.30_d0149.9992.csv,0.1,0.3,149.9992314,1.0,0.6079533661114472,0.006311255668759067,0.006311255668759067,0.6299963062269951,True
run_mu0.10000_ke0.30_d0155.0000.csv,0.1,0.3,155.0,1.0,0.6079533661114472,0.006311255668759067,0.006311255668759067,0.6299963062269951,True
run_mu0.10000_ke0.30_d0160.0000.csv,0.1,0.3,160.0,1.0,0.6079533661114472,0.006311255668759067,0.006311255668759067,0.6299963062269951,True
run_mu0.10000_ke0.40_d0140.0000.csv,0.1,0.4,140.0,1.0,0.6084781731948682,0.006313616234091214,0.006313616234091214,0.6297632816995168,True
run_mu0.10000_ke0.40_d0145.0000.csv,0.1,0.4,145.0,1.0,0.6084781731948682,0.006313616234091214,0.006313616234091214,0.6297632816995168,True
run_mu0.10000_ke0.40_d0149.9992.csv,0.1,0.4,149.9992314,1.0,0.6084781731948682,0.006313616234091214,0.006313616234091214,0.6297632816995168,True
run_mu0.10000_ke0.40_d0155.0000.csv,0.1,0.4,155.0,1.0,0.6084781731948682,0.006313616234091214,0.006313616234091214,0.6297632816995168,True
run_mu0.10000_ke0.40_d0160.0000.csv,0.1,0.4,160.0,1.0,0.6084781731948682,0.006313616234091214,0.006313616234091214,0.6297632816995168,True
run_mu0.10000_ke0.50_d0140.0000.csv,0.1,0.5,140.0,1.0,0.6090029802782901,0.006315976799423334,0.006315976799423334,0.6295304313555883,True
run_mu0.10000_ke0.50_d0145.0000.csv,0.1,0.5,145.0,1.0,0.6090029802782901,0.006315976799423334,0.006315976799423334,0.6295304313555883,True
run_mu0.10000_ke0.50_d0149.9992.csv,0.1,0.5,149.9992314,1.0,0.6090029802782901,0.006315976799423334,0.006315976799423334,0.6295304313555883,True
run_mu0.10000_ke0.50_d0155.0000.csv,0.1,0.5,155.0,1.0,0.6090029802782901,0.006315976799423334,0.006315976799423334,0.6295304313555883,True
run_mu0.10000_ke0.50_d0160.0000.csv,0.1,0.5,160.0,1.0,0.6090029802782901,0.006315976799423334,0.006315976799423334,0.6295304313555883,True
run_mu0.10000_ke0.60_d0140.0000.csv,0.1,0.6,140.0,1.0,0.6095277873617109,0.006318337364755471,0.006318337364755471,0.6292977549999773,True
run_mu0.10000_ke0.60_d0145.0000.csv,0.1,0.6,145.0,1.0,0.6095277873617109,0.006318337364755471,0.006318337364755471,0.6292977549999773,True
run_mu0.10000_ke0.60_d0149.9992.csv,0.1,0.6,149.9992314,1.0,0.6095277873617109,0.006318337364755471,0.006318337364755471,0.6292977549999773,True
run_mu0.10000_ke0.60_d0155.0000.csv,0.1,0.6,155.0,1.0,0.6095277873617109,0.006318337364755471,0.006318337364755471,0.6292977549999773,True
run_mu0.10000_ke0.60_d0160.0000.csv,0.1,0.6,160.0,1.0,0.6095277873617109,0.006318337364755471,0.006318337364755471,0.6292977549999773,True
run_mu0.10000_ke0.70_d0140.0000.csv,0.1,0.7,140.0,1.0,0.6100525944451314,0.006320697930087591,0.006320697930087591,0.629065252437751,True
run_mu0.10000_ke0.70_d0145.0000.csv,0.1,0.7,145.0,1.0,0.6100525944451314,0.006320697930087591,0.006320697930087591,0.629065252437751,True
run_mu0.10000_ke0.70_d0149.9992.csv,0.1,0.7,149.9992314,1.0,0.6100525944451314,0.006320697930087591,0.006320697930087591,0.629065252437751,True
run_mu0.10000_ke0.70_d0155.0000.csv,0.1,0.7,155.0,1.0,0.6100525944451314,0.006320697930087591,0.006320697930087591,0.629065252437751,True
run_mu0.10000_ke0.70_d0160.0000.csv,0.1,0.7,160.0,1.0,0.6100525944451314,0.006320697930087591,0.006320697930087591,0.629065252437751,True
run_mu0.10000_ke0.80_d0140.0000.csv,0.1,0.8,140.0,1.0,0.6105774015285522,0.006323058495419729,0.006323058495419729,0.6288329234742613,True
run_mu0.10000_ke0.80_d0145.0000.csv,0.1,0.8,145.0,1.0,0.6105774015285522,0.006323058495419729,0.006323058495419729,0.6288329234742613,True
run_mu0.10000_ke0.80_d0149.9992.csv,0.1,0.8,149.9992314,1.0,0.6105774015285522,0.006323058495419729,0.006323058495419729,0.6288329234742613,True
run_mu0.10000_ke0.80_d0155.0000.csv,0.1,0.8,155.0,1.0,0.6105774015285522,0.006323058495419729,0.006323058495419729,0.6288329234742613,True
run_mu0.10000_ke0.80_d0160.0000.csv,0.1,0.8,160.0,1.0,0.6105774015285522,0.006323058495419729,0.006323058495419729,0.6288329234742613,True
run_mu0.10000_ke0.90_d0140.0000.csv,0.1,0.9,140.0,1.0,0.6111022086119734,0.0063254190607518615,0.0063254190607518615,0.6286007679151556,True
run_mu0.10000_ke0.90_d0145.0000.csv,0.1,0.9,145.0,1.0,0.6111022086119734,0.0063254190607518615,0.0063254190607518615,0.6286007679151556,True
run_mu0.10000_ke0.90_d0149.9992.csv,0.1,0.9,149.9992314,1.0,0.6111022086119734,0.0063254190607518615,0.0063254190607518615,0.6286007679151556,True
run_mu0.10000_ke0.90_d0155.0000.csv,0.1,0.9,155.0,1.0,0.6111022086119734,0.0063254190607518615,0.0063254190607518615,0.6286007679151556,True
run_mu0.10000_ke0.90_d0160.0000.csv,0.1,0.9,160.0,1.0,0.6111022086119734,0.0063254190607518615,0.0063254190607518615,0.6286007679151556,True
run_mu0.10000_ke1.00_d0140.0000.csv,0.1,1.0,140.0,1.0,0.6116270156953942,0.0063277796260839975,0.0063277796260839975,0.6283687855663689,True
run_mu0.10000_ke1.00_d0145.0000.csv,0.1,1.0,145.0,1.0,0.6116270156953942,0.0063277796260839975,0.0063277796260839975,0.6283687855663689,True
run_mu0.10000_ke1.00_d0149.9992.csv,0.1,1.0,149.9992314,1.0,0.6116270156953942,0.0063277796260839975,0.0063277796260839975,0.6283687855663689,True
run_mu0.10000_ke1.00_d0155.0000.csv,0.1,1.0,155.0,1.0,0.6116270156953942,0.0063277796260839975,0.0063277796260839975,0.6283687855663689,True
run_mu0.10000_ke1.00_d0160.0000.csv,0.1,1.0,160.0,1.0,0.6116270156953942,0.0063277796260839975,0.0063277796260839975,0.6283687855663689,True
run_mu0.12000_ke0.00_d0140.0000.csv,0.12,0.0,140.0,1.0,0.5486139413205845,0.0061306537303205955,0.0061306537303205955,0.6484176360008153,True
run_mu0.12000_ke0.00_d0145.0000.csv,0.12,0.0,145.0,1.0,0.5486139413205845,0.0061306537303205955,0.0061306537303205955,0.6484176360008153,True
run_mu0.12000_ke0.00_d0149.9992.csv,0.12,0.0,149.9992314,1.0,0.5486139413205845,0.0061306537303205955,0.0061306537303205955,0.6484176360008153,True
run_mu0.12000_ke0.00_d0155.0000.csv,0.12,0.0,155.0,1.0,0.5486139413205845,0.0061306537303205955,0.0061306537303205955,0.6484176360008153,True
run_mu0.12000_ke0.00_d0160.0000.csv,0.12,0.0,160.0,1.0,0.5486139413205845,0.0061306537303205955,0.0061306537303205955,0.6484176360008153,True
run_mu0.12000_ke0.10_d0140.0000.csv,0.12,0.1,140.0,1.0,0.5491055645625633,0.006132955883046579,0.006132955883046579,0.6481768326335289,True
run_mu0.12000_ke0.10_d0145.0000.csv,0.12,0.1,145.0,1.0,0.5491055645625633,0.006132955883046579,0.006132955883046579,0.6481768326335289,True
run_mu0.12000_ke0.10_d0149.9992.csv,0.12,0.1,149.9992314,1.0,0.5491055645625633,0.006132955883046579,0.006132955883046579,0.6481768326335289,True
run_mu0.12000_ke0.10_d0155.0000.csv,0.12,0.1,155.0,1.0,0.5491055645625633,0.006132955883046579,0.006132955883046579,0.6481768326335289,True
run_mu0.12000_ke0.10_d0160.0000.csv,0.12,0.1,160.0,1.0,0.5491055645625633,0.006132955883046579,0.006132955883046579,0.6481768326335289,True
run_mu0.12000_ke0.20_d0140.0000.csv,0.12,0.2,140.0,1.0,0.5495971878045427,0.006135258035772573,0.006135258035772573,0.647936209981095,True
run_mu0.12000_ke0.20_d0145.0000.csv,0.12,0.2,145.0,1.0,0.5495971878045427,0.006135258035772573,0.006135258035772573,0.647936209981095,True
run_mu0.12000_ke0.20_d0149.9992.csv,0.12,0.2,149.9992314,1.0,0.5495971878045427,0.006135258035772573,0.006135258035772573,0.647936209981095,True
run_mu0.12000_ke0.20_d0155.0000.csv,0.12,0.2,155.0,1.0,0.5495971878045427,0.006135258035772573,0.006135258035772573,0.647936209981095,True
run_mu0.12000_ke0.20_d0160.0000.csv,0.12,0.2,160.0,1.0,0.5495971878045427,0.006135258035772573,0.006135258035772573,0.647936209981095,True
run_mu0.12000_ke0.30_d0140.0000.csv,0.12,0.3,140.0,1.0,0.5500888110465221,0.006137560188498554,0.006137560188498554,0.6476957678401615,True
run_mu0.12000_ke0.30_d0145.0000.csv,0.12,0.3,145.0,1.0,0.5500888110465221,0.006137560188498554,0.006137560188498554,0.6476957678401615,True
run_mu0.12000_ke0.30_d0149.9992.csv,0.12,0.3,149.9992314,1.0,0.5500888110465221,0.006137560188498554,0.006137560188498554,0.6476957678401615,True
run_mu0.12000_ke0.30_d0155.0000.csv,0.12,0.3,155.0,1.0,0.5500888110465221,0.006137560188498554,0.006137560188498554,0.6476957678401615,True
run_mu0.12000_ke0.30_d0160.0000.csv,0.12,0.3,160.0,1.0,0.5500888110465221,0.006137560188498554,0.006137560188498554,0.6476957678401615,True
run_mu0.12000_ke0.40_d0140.0000.csv,0.12,0.4,140.0,1.0,0.5505804342885013,0.00613986234122455,0.00613986234122455,0.647455506007676,True
run_mu0.12000_ke0.40_d0145.0000.csv,0.12,0.4,145.0,1.0,0.5505804342885013,0.00613986234122455,0.00613986234122455,0.647455506007676,True
run_mu0.12000_ke0.40_d0149.9992.csv,0.12,0.4,149.9992314,1.0,0.5505804342885013,0.00613986234122455,0.00613986234122455,0.647455506007676,True
run_mu0.12000_ke0.40_d0155.0000.csv,0.12,0.4,155.0,1.0,0.5505804342885013,0.00613986234122455,0.00613986234122455,0.647455506007676,True
run_mu0.12000_ke0.40_d0160.0000.csv,0.12,0.4,160.0,1.0,0.5505804342885013,0.00613986234122455,0.00613986234122455,0.647455506007676,True
run_mu0.12000_ke0.50_d0140.0000.csv,0.12,0.5,140.0,1.0,0.5510720575304804,0.006142164493950537,0.006142164493950537,0.6472154242808965,True
run_mu0.12000_ke0.50_d0145.0000.csv,0.12,0.5,145.0,1.0,0.5510720575304804,0.006142164493950537,0.006142164493950537,0.6472154242808965,True
run_mu0.12000_ke0.50_d0149.9992.csv,0.12,0.5,149.9992314,1.0,0.5510720575304804,0.006142164493950537,0.006142164493950537,0.6472154242808965,True
run_mu0.12000_ke0.50_d0155.0000.csv,0.12,0.5,155.0,1.0,0.5510720575304804,0.006142164493950537,0.006142164493950537,0.6472154242808965,True
run_mu0.12000_ke0.50_d0160.0000.csv,0.12,0.5,160.0,1.0,0.5510720575304804,0.006142164493950537,0.006142164493950537,0.6472154242808965,True
run_mu0.12000_ke0.60_d0140.0000.csv,0.12,0.6,140.0,1.0,0.55156368077246,0.006144466646676523,0.006144466646676523,0.6469755224573803,True
run_mu0.12000_ke0.60_d0145.0000.csv,0.12,0.6,145.0,1.0,0.55156368077246,0.006144466646676523,0.006144466646676523,0.6469755224573803,True
run_mu0.12000_ke0.60_d0149.9992.csv,0.12,0.6,149.9992314,1.0,0.55156368077246,0.006144466646676523,0.006144466646676523,0.6469755224573803,True
run_mu0.12000_ke0.60_d0155.0000.csv,0.12,0.6,155.0,1.0,0.55156368077246,0.006144466646676523,0.006144466646676523,0.6469755224573803,True
run_mu0.12000_ke0.60_d0160.0000.csv,0.12,0.6,160.0,1.0,0.55156368077246,0.006144466646676523,0.006144466646676523,0.6469755224573803,True
run_mu0.12000_ke0.70_d0140.0000.csv,0.12,0.7,140.0,1.0,0.5520553040144388,0.006146768799402509,0.006146768799402509,0.6467358003349905,True
run_mu0.12000_ke0.70_d0145.0000.csv,0.12,0.7,145.0,1.0,0.5520553040144388,0.006146768799402509,0.006146768799402509,0.6467358003349905,True
run_mu0.12000_ke0.70_d0149.9992.csv,0.12,0.7,149.9992314,1.0,0.5520553040144388,0.006146768799402509,0.006146768799402509,0.6467358003349905,True
run_mu0.12000_ke0.70_d0155.0000.csv,0.12,0.7,155.0,1.0,0.5520553040144388,0.006146768799402509,0.006146768799402509,0.6467358003349905,True
run_mu0.12000_ke0.70_d0160.0000.csv,0.12,0.7,160.0,1.0,0.5520553040144388,0.006146768799402509,0.006146768799402509,0.6467358003349905,True
run_mu0.12000_ke0.80_d0140.0000.csv,0.12,0.8,140.0,1.0,0.5525469272564186,0.006149070952128491,0.006149070952128491,0.6464962577118918,True
run_mu0.12000_ke0.80_d0145.0000.csv,0.12,0.8,145.0,1.0,0.5525469272564186,0.006149070952128491,0.006149070952128491,0.6464962577118918,True
run_mu0.12000_ke0.80_d0149.9992.csv,0.12,0.8,149.9992314,1.0,0.5525469272564186,0.006149070952128491,0.006149070952128491,0.6464962577118918,True
run_mu0.12000_ke0.80_d0155.0000.csv,0.12,0.8,155.0,1.0,0.5525469272564186,0.006149070952128491,0.006149070952128491,0.6464962577118918,True
run_mu0.12000_ke0.80_d0160.0000.csv,0.12,0.8,160.0,1.0,0.5525469272564186,0.006149070952128491,0.006149070952128491,0.6464962577118918,True
run_mu0.12000_ke0.90_d0140.0000.csv,0.12,0.9,140.0,1.0,0.5530385504983978,0.006151373104854486,0.006151373104854486,0.6462568943865494,True
run_mu0.12000_ke0.90_d0145.0000.csv,0.12,0.9,145.0,1.0,0.5530385504983978,0.006151373104854486,0.006151373104854486,0.6462568943865494,True
run_mu0.12000_ke0.90_d0149.9992.csv,0.12,0.9,149.9992314,1.0,0.5530385504983978,0.006151373104854486,0.006151373104854486,0.6462568943865494,True
run_mu0.12000_ke0.90_d0155.0000.csv,0.12,0.9,155.0,1.0,0.5530385504983978,0.006151373104854486,0.006151373104854486,0.6462568943865494,True
run_mu0.12000_ke0.90_d0160.0000.csv,0.12,0.9,160.0,1.0,0.5530385504983978,0.006151373104854486,0.006151373104854486,0.6462568943865494,True
run_mu0.12000_ke1.00_d0140.0000.csv,0.12,1.0,140.0,1.0,0.5535301737403769,0.0061536752575804595,0.0061536752575804595,0.6460177101577358,True
run_mu0.12000_ke1.00_d0145.0000.csv,0.12,1.0,145.0,1.0,0.5535301737403769,0.0061536752575804595,0.0061536752575804595,0.6460177101577358,True
run_mu0.12000_ke1.00_d0149.9992.csv,0.12,1.0,149.9992314,1.0,0.5535301737403769,0.0061536752575804595,0.0061536752575804595,0.6460177101577358,True
run_mu0.12000_ke1.00_d0155.0000.csv,0.12,1.0,155.0,1.0,0.5535301737403769,0.0061536752575804595,0.0061536752575804595,0.6460177101577358,True
run_mu0.12000_ke1.00_d0160.0000.csv,0.12,1.0,160.0,1.0,0.5535301737403769,0.0061536752575804595,0.0061536752575804595,0.6460177101577358,True
run_mu0.15000_ke0.00_d0140.0000.csv,0.15,0.0,140.0,1.0,0.4721006554151494,0.005885236181839121,0.005885236181839121,0.6752541233927962,True
run_mu0.15000_ke0.00_d0145.0000.csv,0.15,0.0,145.0,1.0,0.4721006554151494,0.005885236181839121,0.005885236181839121,0.6752541233927962,True
run_mu0.15000_ke0.00_d0149.9992.csv,0.15,0.0,149.9992314,1.0,0.4721006554151494,0.005885236181839121,0.005885236181839121,0.6752541233927962,True
run_mu0.15000_ke0.00_d0155.0000.csv,0.15,0.0,155.0,1.0,0.4721006554151494,0.005885236181839121,0.005885236181839121,0.6752541233927962,True
run_mu0.15000_ke0.00_d0160.0000.csv,0.15,0.0,160.0,1.0,0.4721006554151494,0.005885236181839121,0.005885236181839121,0.6752541233927962,True
run_mu0.15000_ke0.10_d0140.0000.csv,0.15,0.1,140.0,1.0,0.4725469740368354,0.005887455184743355,0.005887455184743355,0.6750023217545439,True
run_mu0.15000_ke0.10_d0145.0000.csv,0.15,0.1,145.0,1.0,0.4725469740368354,0.005887455184743355,0.005887455184743355,0.6750023217545439,True
run_mu0.15000_ke0.10_d0149.9992.csv,0.15,0.1,149.9992314,1.0,0.4725469740368354,0.005887455184743355,0.005887455184743355,0.6750023217545439,True
run_mu0.15000_ke0.10_d0155.0000.csv,0.15,0.1,155.0,1.0,0.4725469740368354,0.005887455184743355,0.005887455184743355,0.6750023217545439,True
run_mu0.15000_ke0.10_d0160.0000.csv,0.15,0.1,160.0,1.0,0.4725469740368354,0.005887455184743355,0.005887455184743355,0.6750023217545439,True
run_mu0.15000_ke0.20_d0140.0000.csv,0.15,0.2,140.0,1.0,0.4729932926585194,0.0058896741876475825,0.0058896741876475825,0.6747507098546547,True
run_mu0.15000_ke0.20_d0145.0000.csv,0.15,0.2,145.0,1.0,0.4729932926585194,0.0058896741876475825,0.0058896741876475825,0.6747507098546547,True
run_mu0.15000_ke0.20_d0149.9992.csv,0.15,0.2,149.9992314,1.0,0.4729932926585194,0.0058896741876475825,0.0058896741876475825,0.6747507098546547,True
run_mu0.15000_ke0.20_d0155.0000.csv,0.15,0.2,155.0,1.0,0.4729932926585194,0.0058896741876475825,0.0058896741876475825,0.6747507098546547,True
run_mu0.15000_ke0.20_d0160.0000.csv,0.15,0.2,160.0,1.0,0.4729932926585194,0.0058896741876475825,0.0058896741876475825,0.6747507098546547,True
run_mu0.15000_ke0.30_d0140.0000.csv,0.15,0.3,140.0,1.0,0.4734396112802052,0.005891893190551833,0.005891893190551833,0.674499287478747,True
run_mu0.15000_ke0.30_d0145.0000.csv,0.15,0.3,145.0,1.0,0.4734396112802052,0.005891893190551833,0.005891893190551833,0.674499287478747,True
run_mu0.15000_ke0.30_d0149.9992.csv,0.15,0.3,149.9992314,1.0,0.4734396112802052,0.005891893190551833,0.005891893190551833,0.674499287478747,True
run_mu0.15000_ke0.30_d0155.0000.csv,0.15,0.3,155.0,1.0,0.4734396112802052,0.005891893190551833,0.005891893190551833,0.674499287478747,True
run_mu0.15000_ke0.30_d0160.0000.csv,0.15,0.3,160.0,1.0,0.4734396112802052,0.005891893190551833,0.005891893190551833,0.674499287478747,True
run_mu0.15000_ke0.40_d0140.0000.csv,0.15,0.4,140.0,1.0,0.4738859299018917,0.005894112193456063,0.005894112193456063,0.6742480544127712,True
run_mu0.15000_ke0.40_d0145.0000.csv,0.15,0.4,145.0,1.0,0.4738859299018917,0.005894112193456063,0.005894112193456063,0.6742480544127712,True
run_mu0.15000_ke0.40_d0149.9992.csv,0.15,0.4,149.9992314,1.0,0.4738859299018917,0.005894112193456063,0.005894112193456063,0.6742480544127712,True
run_mu0.15000_ke0.40_d0155.0000.csv,0.15,0.4,155.0,1.0,0.4738859299018917,0.005894112193456063,0.005894112193456063,0.6742480544127712,True
run_mu0.15000_ke0.40_d0160.0000.csv,0.15,0.4,160.0,1.0,0.4738859299018917,0.005894112193456063,0.005894112193456063,0.6742480544127712,True
run_mu0.15000_ke0.50_d0140.0000.csv,0.15,0.5,140.0,1.0,0.4743322485235762,0.005896331196360303,0.005896331196360303,0.6739970104429914,True
run_mu0.15000_ke0.50_d0145.0000.csv,0.15,0.5,145.0,1.0,0.4743322485235762,0.005896331196360303,0.005896331196360303,0.6739970104429914,True
run_mu0.15000_ke0.50_d0149.9992.csv,0.15,0.5,149.9992314,1.0,0.4743322485235762,0.005896331196360303,0.005896331196360303,0.6739970104429914,True
run_mu0.15000_ke0.50_d0155.0000.csv,0.15,0.5,155.0,1.0,0.4743322485235762,0.005896331196360303,0.005896331196360303,0.6739970104429914,True
run_mu0.15000_ke0.50_d0160.0000.csv,0.15,0.5,160.0,1.0,0.4743322485235762,0.005896331196360303,0.005896331196360303,0.6739970104429914,True
run_mu0.15000_ke0.60_d0140.0000.csv,0.15,0.6,140.0,1.0,0.47477856714526223,0.005898550199264534,0.005898550199264534,0.6737461553559988,True
run_mu0.15000_ke0.60_d0145.0000.csv,0.15,0.6,145.0,1.0,0.47477856714526223,0.005898550199264534,0.005898550199264534,0.6737461553559988,True
run_mu0.15000_ke0.60_d0149.9992.csv,0.15,0.6,149.9992314,1.0,0.47477856714526223,0.005898550199264534,0.005898550199264534,0.6737461553559988,True
run_mu0.15000_ke0.60_d0155.0000.csv,0.15,0.6,155.0,1.0,0.47477856714526223,0.005898550199264534,0.005898550199264534,0.6737461553559988,True
run_mu0.15000_ke0.60_d0160.0000.csv,0.15,0.6,160.0,1.0,0.47477856714526223,0.005898550199264534,0.005898550199264534,0.6737461553559988,True
run_mu0.15000_ke0.70_d0140.0000.csv,0.15,0.7,140.0,1.0,0.4752248857669477,0.005900769202168777,0.005900769202168777,0.673495488938701,True
run_mu0.15000_ke0.70_d0145.0000.csv,0.15,0.7,145.0,1.0,0.4752248857669477,0.005900769202168777,0.005900769202168777,0.673495488938701,True
run_mu0.15000_ke0.70_d0149.9992.csv,0.15,0.7,149.9992314,1.0,0.4752248857669477,0.005900769202168777,0.005900769202168777,0.673495488938701,True
run_mu0.15000_ke0.70_d0155.0000.csv,0.15,0.7,155.0,1.0,0.4752248857669477,0.005900769202168777,0.005900769202168777,0.673495488938701,True
run_mu0.15000_ke0.70_d0160.0000.csv,0.15,0.7,160.0,1.0,0.4752248857669477,0.005900769202168777,0.005900769202168777,0.673495488938701,True
run_mu0.15000_ke0.80_d0140.0000.csv,0.15,0.8,140.0,1.0,0.4756712043886337,0.005902988205073007,0.005902988205073007,0.6732450109783318,True
run_mu0.15000_ke0.80_d0145.0000.csv,0.15,0.8,145.0,1.0,0.4756712043886337,0.005902988205073007,0.005902988205073007,0.6732450109783318,True
run_mu0.15000_ke0.80_d0149.9992.csv,0.15,0.8,149.9992314,1.0,0.4756712043886337,0.005902988205073007,0.005902988205073007,0.6732450109783318,True
run_mu0.15000_ke0.80_d0155.0000.csv,0.15,0.8,155.0,1.0,0.4756712043886337,0.005902988205073007,0.005902988205073007,0.6732450109783318,True
run_mu0.15000_ke0.80_d0160.0000.csv,0.15,0.8,160.0,1.0,0.4756712043886337,0.005902988205073007,0.005902988205073007,0.6732450109783318,True
run_mu0.15000_ke0.90_d0140.0000.csv,0.15,0.9,140.0,1.0,0.47611752301032,0.005905207207977243,0.005905207207977243,0.6729947212624385,True
run_mu0.15000_ke0.90_d0145.0000.csv,0.15,0.9,145.0,1.0,0.47611752301032,0.005905207207977243,0.005905207207977243,0.6729947212624385,True
run_mu0.15000_ke0.90_d0149.9992.csv,0.15,0.9,149.9992314,1.0,0.47611752301032,0.005905207207977243,0.005905207207977243,0.6729947212624385,True
run_mu0.15000_ke0.90_d0155.0000.csv,0.15,0.9,155.0,1.0,0.47611752301032,0.005905207207977243,0.005905207207977243,0.6729947212624385,True
run_mu0.15000_ke0.90_d0160.0000.csv,0.15,0.9,160.0,1.0,0.47611752301032,0.005905207207977243,0.005905207207977243,0.6729947212624385,True
run_mu0.15000_ke1.00_d0140.0000.csv,0.15,1.0,140.0,1.0,0.4765638416320048,0.005907426210881472,0.005907426210881472,0.6727446195788926,True
run_mu0.15000_ke1.00_d0145.0000.csv,0.15,1.0,145.0,1.0,0.4765638416320048,0.005907426210881472,0.005907426210881472,0.6727446195788926,True
run_mu0.15000_ke1.00_d0149.9992.csv,0.15,1.0,149.9992314,1.0,0.4765638416320048,0.005907426210881472,0.005907426210881472,0.6727446195788926,True
run_mu0.15000_ke1.00_d0155.0000.csv,0.15,1.0,155.0,1.0,0.4765638416320048,0.005907426210881472,0.005907426210881472,0.6727446195788926,True
run_mu0.15000_ke1.00_d0160.0000.csv,0.15,1.0,160.0,1.0,0.4765638416320048,0.005907426210881472,0.005907426210881472,0.6727446195788926,True
run_mu0.16905_ke0.00_d0140.0000.csv,0.16905,0.0,140.0,1.0,0.4291429264006274,0.005738036892672174,0.005738036892672174,0.6924444515134331,True
run_mu0.16905_ke0.00_d0145.0000.csv,0.16905,0.0,145.0,1.0,0.4291429264006274,0.005738036892672174,0.005738036892672174,0.6924444515134331,True
run_mu0.16905_ke0.00_d0149.9992.csv,0.16905,0.0,149.9992314,1.0,0.4291429264006274,0.005738036892672174,0.005738036892672174,0.6924444515134331,True
run_mu0.16905_ke0.00_d0155.0000.csv,0.16905,0.0,155.0,1.0,0.4291429264006274,0.005738036892672174,0.005738036892672174,0.6924444515134331,True
run_mu0.16905_ke0.00_d0160.0000.csv,0.16905,0.0,160.0,1.0,0.4291429264006274,0.005738036892672174,0.005738036892672174,0.6924444515134331,True
run_mu0.16905_ke0.10_d0140.0000.csv,0.16905,0.1,140.0,1.0,0.42956301531431174,0.0057402057136445835,0.0057402057136445835,0.6921855987610166,True
run_mu0.16905_ke0.10_d0145.0000.csv,0.16905,0.1,145.0,1.0,0.42956301531431174,0.0057402057136445835,0.0057402057136445835,0.6921855987610166,True
run_mu0.16905_ke0.10_d0149.9992.csv,0.16905,0.1,149.9992314,1.0,0.42956301531431174,0.0057402057136445835,0.0057402057136445835,0.6921855987610166,True
run_mu0.16905_ke0.10_d0155.0000.csv,0.16905,0.1,155.0,1.0,0.42956301531431174,0.0057402057136445835,0.0057402057136445835,0.6921855987610166,True
run_mu0.16905_ke0.10_d0160.0000.csv,0.16905,0.1,160.0,1.0,0.42956301531431174,0.0057402057136445835,0.0057402057136445835,0.6921855987610166,True
run_mu0.16905_ke0.20_d0140.0000.csv,0.16905,0.2,140.0,1.0,0.42998310422799685,0.005742374534616984,0.005742374534616984,0.6919269415393089,True
run_mu0.16905_ke0.20_d0145.0000.csv,0.16905,0.2,145.0,1.0,0.42998310422799685,0.005742374534616984,0.005742374534616984,0.6919269415393089,True
run_mu0.16905_ke0.20_d0149.9992.csv,0.16905,0.2,149.9992314,1.0,0.42998310422799685,0.005742374534616984,0.005742374534616984,0.6919269415393089,True
run_mu0.16905_ke0.20_d0155.0000.csv,0.16905,0.2,155.0,1.0,0.42998310422799685,0.005742374534616984,0.005742374534616984,0.6919269415393089,True
run_mu0.16905_ke0.20_d0160.0000.csv,0.16905,0.2,160.0,1.0,0.42998310422799685,0.005742374534616984,0.005742374534616984,0.6919269415393089,True
run_mu0.16905_ke0.30_d0140.0000.csv,0.16905,0.3,140.0,1.0,0.4304031931416834,0.005744543355589389,0.005744543355589389,0.6916684796268436,True
run_mu0.16905_ke0.30_d0145.0000.csv,0.16905,0.3,145.0,1.0,0.4304031931416834,0.005744543355589389,0.005744543355589389,0.6916684796268436,True
run_mu0.16905_ke0.30_d0149.9992.csv,0.16905,0.3,149.9992314,1.0,0.4304031931416834,0.005744543355589389,0.005744543355589389,0.6916684796268436,True
run_mu0.16905_ke0.30_d0155.0000.csv,0.16905,0.3,155.0,1.0,0.4304031931416834,0.005744543355589389,0.005744543355589389,0.6916684796268436,True
run_mu0.16905_ke0.30_d0160.0000.csv,0.16905,0.3,160.0,1.0,0.4304031931416834,0.005744543355589389,0.005744543355589389,0.6916684796268436,True
run_mu0.16905_ke0.40_d0140.0000.csv,0.16905,0.4,140.0,1.0,0.43082328205536813,0.005746712176561782,0.005746712176561782,0.6914102128024925,True
run_mu0.16905_ke0.40_d0145.0000.csv,0.16905,0.4,145.0,1.0,0.43082328205536813,0.005746712176561782,0.005746712176561782,0.6914102128024925,True
run_mu0.16905_ke0.40_d0149.9992.csv,0.16905,0.4,149.9992314,1.0,0.43082328205536813,0.005746712176561782,0.005746712176561782,0.6914102128024925,True
run_mu0.16905_ke0.40_d0155.0000.csv,0.16905,0.4,155.0,1.0,0.43082328205536813,0.005746712176561782,0.005746712176561782,0.6914102128024925,True
run_mu0.16905_ke0.40_d0160.0000.csv,0.16905,0.4,160.0,1.0,0.43082328205536813,0.005746712176561782,0.005746712176561782,0.6914102128024925,True
run_mu0.16905_ke0.50_d0140.0000.csv,0.16905,0.5,140.0,1.0,0.431243370969054,0.00574888099753418,0.00574888099753418,0.6911521408454565,True
run_mu0.16905_ke0.50_d0145.0000.csv,0.16905,0.5,145.0,1.0,0.431243370969054,0.00574888099753418,0.00574888099753418,0.6911521408454565,True
run_mu0.16905_ke0.50_d0149.9992.csv,0.16905,0.5,149.9992314,1.0,0.431243370969054,0.00574888099753418,0.00574888099753418,0.6911521408454565,True
run_mu0.16905_ke0.50_d0155.0000.csv,0.16905,0.5,155.0,1.0,0.431243370969054,0.00574888099753418,0.00574888099753418,0.6911521408454565,True
run_mu0.16905_ke0.50_d0160.0000.csv,0.16905,0.5,160.0,1.0,0.431243370969054,0.00574888099753418,0.00574888099753418,0.6911521408454565,True
run_mu0.16905_ke0.60_d0140.0000.csv,0.16905,0.6,140.0,1.0,0.43166345988273896,0.005751049818506582,0.005751049818506582,0.6908942635352725,True
run_mu0.16905_ke0.60_d0145.0000.csv,0.16905,0.6,145.0,1.0,0.43166345988273896,0.005751049818506582,0.005751049818506582,0.6908942635352725,True
run_mu0.16905_ke0.60_d0149.9992.csv,0.16905,0.6,149.9992314,1.0,0.43166345988273896,0.005751049818506582,0.005751049818506582,0.6908942635352725,True
run_mu0.16905_ke0.60_d0155.0000.csv,0.16905,0.6,155.0,1.0,0.43166345988273896,0.005751049818506582,0.005751049818506582,0.6908942635352725,True
run_mu0.16905_ke0.60_d0160.0000.csv,0.16905,0.6,160.0,1.0,0.43166345988273896,0.005751049818506582,0.005751049818506582,0.6908942635352725,True
run_mu0.16905_ke0.70_d0140.0000.csv,0.16905,0.7,140.0,1.0,0.43208354879642485,0.005753218639478984,0.005753218639478984,0.6906365806518102,True
run_mu0.16905_ke0.70_d0145.0000.csv,0.16905,0.7,145.0,1.0,0.43208354879642485,0.005753218639478984,0.005753218639478984,0.6906365806518102,True
run_mu0.16905_ke0.70_d0149.9992.csv,0.16905,0.7,149.9992314,1.0,0.43208354879642485,0.005753218639478984,0.005753218639478984,0.6906365806518102,True
run_mu0.16905_ke0.70_d0155.0000.csv,0.16905,0.7,155.0,1.0,0.43208354879642485,0.005753218639478984,0.005753218639478984,0.6906365806518102,True
run_mu0.16905_ke0.70_d0160.0000.csv,0.16905,0.7,160.0,1.0,0.43208354879642485,0.005753218639478984,0.005753218639478984,0.6906365806518102,True
run_mu0.16905_ke0.80_d0140.0000.csv,0.16905,0.8,140.0,1.0,0.4325036377101093,0.005755387460451374,0.005755387460451374,0.690379091975271,True
run_mu0.16905_ke0.80_d0145.0000.csv,0.16905,0.8,145.0,1.0,0.4325036377101093,0.005755387460451374,0.005755387460451374,0.690379091975271,True
run_mu0.16905_ke0.80_d0149.9992.csv,0.16905,0.8,149.9992314,1.0,0.4325036377101093,0.005755387460451374,0.005755387460451374,0.690379091975271,True
run_mu0.16905_ke0.80_d0155.0000.csv,0.16905,0.8,155.0,1.0,0.4325036377101093,0.005755387460451374,0.005755387460451374,0.690379091975271,True
run_mu0.16905_ke0.80_d0160.0000.csv,0.16905,0.8,160.0,1.0,0.4325036377101093,0.005755387460451374,0.005755387460451374,0.690379091975271,True
run_mu0.16905_ke0.90_d0140.0000.csv,0.16905,0.9,140.0,1.0,0.43292372662379464,0.005757556281423783,0.005757556281423783,0.6901217972861834,True
run_mu0.16905_ke0.90_d0145.0000.csv,0.16905,0.9,145.0,1.0,0.43292372662379464,0.005757556281423783,0.005757556281423783,0.6901217972861834,True
run_mu0.16905_ke0.90_d0149.9992.csv,0.16905,0.9,149.9992314,1.0,0.43292372662379464,0.005757556281423783,0.005757556281423783,0.6901217972861834,True
run_mu0.16905_ke0.90_d0155.0000.csv,0.16905,0.9,155.0,1.0,0.43292372662379464,0.005757556281423783,0.005757556281423783,0.6901217972861834,True
run_mu0.16905_ke0.90_d0160.0000.csv,0.16905,0.9,160.0,1.0,0.43292372662379464,0.005757556281423783,0.005757556281423783,0.6901217972861834,True
run_mu0.16905_ke1.00_d0140.0000.csv,0.16905,1.0,140.0,1.0,0.4333438155374798,0.005759725102396182,0.005759725102396182,0.6898646963654134,True
run_mu0.16905_ke1.00_d0145.0000.csv,0.16905,1.0,145.0,1.0,0.4333438155374798,0.005759725102396182,0.005759725102396182,0.6898646963654134,True
run_mu0.16905_ke1.00_d0149.9992.csv,0.16905,1.0,149.9992314,1.0,0.4333438155374798,0.005759725102396182,0.005759725102396182,0.6898646963654134,True
run_mu0.16905_ke1.00_d0155.0000.csv,0.16905,1.0,155.0,1.0,0.4333438155374798,0.005759725102396182,0.005759725102396182,0.6898646963654134,True
run_mu0.16905_ke1.00_d0160.0000.csv,0.16905,1.0,160.0,1.0,0.4333438155374798,0.005759725102396182,0.005759725102396182,0.6898646963654134,True
run_mu0.20000_ke0.00_d0140.0000.csv,0.2,0.0,140.0,1.0,0.3675112548571592,0.005512108572791928,0.005512108572791928,0.7206026416983876,True
run_mu0.20000_ke0.00_d0145.0000.csv,0.2,0.0,145.0,1.0,0.3675112548571592,0.005512108572791928,0.005512108572791928,0.7206026416983876,True
run_mu0.20000_ke0.00_d0149.9992.csv,0.2,0.0,149.9992314,1.0,0.3675112548571592,0.005512108572791928,0.005512108572791928,0.7206026416983876,True
run_mu0.20000_ke0.00_d0155.0000.csv,0.2,0.0,155.0,1.0,0.3675112548571592,0.005512108572791928,0.005512108572791928,0.7206026416983876,True
run_mu0.20000_ke0.00_d0160.0000.csv,0.2,0.0,160.0,1.0,0.3675112548571592,0.005512108572791928,0.005512108572791928,0.7206026416983876,True
run_mu0.20000_ke0.10_d0140.0000.csv,0.2,0.1,140.0,1.0,0.36789250738171536,0.005514199906034811,0.005514199906034811,0.7203322307077392,True
run_mu0.20000_ke0.10_d0145.0000.csv,0.2,0.1,145.0,1.0,0.36789250738171536,0.005514199906034811,0.005514199906034811,0.7203322307077392,True
run_mu0.20000_ke0.10_d0149.9992.csv,0.2,0.1,149.9992314,1.0,0.36789250738171536,0.005514199906034811,0.005514199906034811,0.7203322307077392,True
run_mu0.20000_ke0.10_d0155.0000.csv,0.2,0.1,155.0,1.0,0.36789250738171536,0.005514199906034811,0.005514199906034811,0.7203322307077392,True
run_mu0.20000_ke0.10_d0160.0000.csv,0.2,0.1,160.0,1.0,0.36789250738171536,0.005514199906034811,0.005514199906034811,0.7203322307077392,True
run_mu0.20000_ke0.20_d0140.0000.csv,0.2,0.2,140.0,1.0,0.3682737599062701,0.005516291239277683,0.005516291239277683,0.7200620247532186,True
run_mu0.20000_ke0.20_d0145.0000.csv,0.2,0.2,145.0,1.0,0.3682737599062701,0.005516291239277683,0.005516291239277683,0.7200620247532186,True
run_mu0.20000_ke0.20_d0149.9992.csv,0.2,0.2,149.9992314,1.0,0.3682737599062701,0.005516291239277683,0.005516291239277683,0.7200620247532186,True
run_mu0.20000_ke0.20_d0155.0000.csv,0.2,0.2,155.0,1.0,0.3682737599062701,0.005516291239277683,0.005516291239277683,0.7200620247532186,True
run_mu0.20000_ke0.20_d0160.0000.csv,0.2,0.2,160.0,1.0,0.3682737599062701,0.005516291239277683,0.005516291239277683,0.7200620247532186,True
run_mu0.20000_ke0.30_d0140.0000.csv,0.2,0.3,140.0,1.0,0.3686550124308264,0.0055183825725205644,0.0055183825725205644,0.7197920236017122,True
run_mu0.20000_ke0.30_d0145.0000.csv,0.2,0.3,145.0,1.0,0.3686550124308264,0.0055183825725205644,0.0055183825725205644,0.7197920236017122,True
run_mu0.20000_ke0.30_d0149.9992.csv,0.2,0.3,149.9992314,1.0,0.3686550124308264,0.0055183825725205644,0.0055183825725205644,0.7197920236017122,True
run_mu0.20000_ke0.30_d0155.0000.csv,0.2,0.3,155.0,1.0,0.3686550124308264,0.0055183825725205644,0.0055183825725205644,0.7197920236017122,True
run_mu0.20000_ke0.30_d0160.0000.csv,0.2,0.3,160.0,1.0,0.3686550124308264,0.0055183825725205644,0.0055183825725205644,0.7197920236017122,True
run_mu0.20000_ke0.40_d0140.0000.csv,0.2,0.4,140.0,1.0,0.36903626495538217,0.005520473905763442,0.005520473905763442,0.7195222270204632,True
run_mu0.20000_ke0.40_d0145.0000.csv,0.2,0.4,145.0,1.0,0.36903626495538217,0.005520473905763442,0.005520473905763442,0.7195222270204632,True
run_mu0.20000_ke0.40_d0149.9992.csv,0.2,0.4,149.9992314,1.0,0.36903626495538217,0.005520473905763442,0.005520473905763442,0.7195222270204632,True
run_mu0.20000_ke0.40_d0155.0000.csv,0.2,0.4,155.0,1.0,0.36903626495538217,0.005520473905763442,0.005520473905763442,0.7195222270204632,True
run_mu0.20000_ke0.40_d0160.0000.csv,0.2,0.4,160.0,1.0,0.36903626495538217,0.005520473905763442,0.005520473905763442,0.7195222270204632,True
run_mu0.20000_ke0.50_d0140.0000.csv,0.2,0.5,140.0,1.0,0.3694175174799386,0.005522565239006325,0.005522565239006325,0.7192526347770656,True
run_mu0.20000_ke0.50_d0145.0000.csv,0.2,0.5,145.0,1.0,0.3694175174799386,0.005522565239006325,0.005522565239006325,0.7192526347770656,True
run_mu0.20000_ke0.50_d0149.9992.csv,0.2,0.5,149.9992314,1.0,0.3694175174799386,0.005522565239006325,0.005522565239006325,0.7192526347770656,True
run_mu0.20000_ke0.50_d0155.0000.csv,0.2,0.5,155.0,1.0,0.3694175174799386,0.005522565239006325,0.005522565239006325,0.7192526347770656,True
run_mu0.20000_ke0.50_d0160.0000.csv,0.2,0.5,160.0,1.0,0.3694175174799386,0.005522565239006325,0.005522565239006325,0.7192526347770656,True
run_mu0.20000_ke0.60_d0140.0000.csv,0.2,0.6,140.0,1.0,0.3697987700044937,0.005524656572249205,0.005524656572249205,0.718983246639467,True
run_mu0.20000_ke0.60_d0145.0000.csv,0.2,0.6,145.0,1.0,0.3697987700044937,0.005524656572249205,0.005524656572249205,0.718983246639467,True
run_mu0.20000_ke0.60_d0149.9992.csv,0.2,0.6,149.9992314,1.0,0.3697987700044937,0.005524656572249205,0.005524656572249205,0.718983246639467,True
run_mu0.20000_ke0.60_d0155.0000.csv,0.2,0.6,155.0,1.0,0.3697987700044937,0.005524656572249205,0.005524656572249205,0.718983246639467,True
run_mu0.20000_ke0.60_d0160.0000.csv,0.2,0.6,160.0,1.0,0.3697987700044937,0.005524656572249205,0.005524656572249205,0.718983246639467,True
run_mu0.20000_ke0.70_d0140.0000.csv,0.2,0.7,140.0,1.0,0.3701800225290497,0.005526747905492077,0.005526747905492077,0.7187140623759657,True
run_mu0.20000_ke0.70_d0145.0000.csv,0.2,0.7,145.0,1.0,0.3701800225290497,0.005526747905492077,0.005526747905492077,0.7187140623759657,True
run_mu0.20000_ke0.70_d0149.9992.csv,0.2,0.7,149.9992314,1.0,0.3701800225290497,0.005526747905492077,0.005526747905492077,0.7187140623759657,True
run_mu0.20000_ke0.70_d0155.0000.csv,0.2,0.7,155.0,1.0,0.3701800225290497,0.005526747905492077,0.005526747905492077,0.7187140623759657,True
run_mu0.20000_ke0.70_d0160.0000.csv,0.2,0.7,160.0,1.0,0.3701800225290497,0.005526747905492077,0.005526747905492077,0.7187140623759657,True
run_mu0.20000_ke0.80_d0140.0000.csv,0.2,0.8,140.0,1.0,0.3705612750536058,0.0055288392387349726,0.0055288392387349726,0.7184450817552058,True
run_mu0.20000_ke0.80_d0145.0000.csv,0.2,0.8,145.0,1.0,0.3705612750536058,0.0055288392387349726,0.0055288392387349726,0.7184450817552058,True
run_mu0.20000_ke0.80_d0149.9992.csv,0.2,0.8,149.9992314,1.0,0.3705612750536058,0.0055288392387349726,0.0055288392387349726,0.7184450817552058,True
run_mu0.20000_ke0.80_d0155.0000.csv,0.2,0.8,155.0,1.0,0.3705612750536058,0.0055288392387349726,0.0055288392387349726,0.7184450817552058,True
run_mu0.20000_ke0.80_d0160.0000.csv,0.2,0.8,160.0,1.0,0.3705612750536058,0.0055288392387349726,0.0055288392387349726,0.7184450817552058,True
run_mu0.20000_ke0.90_d0140.0000.csv,0.2,0.9,140.0,1.0,0.37094252757816104,0.005530930571977842,0.005530930571977842,0.7181763045461925,True
run_mu0.20000_ke0.90_d0145.0000.csv,0.2,0.9,145.0,1.0,0.37094252757816104,0.005530930571977842,0.005530930571977842,0.7181763045461925,True
run_mu0.20000_ke0.90_d0149.9992.csv,0.2,0.9,149.9992314,1.0,0.37094252757816104,0.005530930571977842,0.005530930571977842,0.7181763045461925,True
run_mu0.20000_ke0.90_d0155.0000.csv,0.2,0.9,155.0,1.0,0.37094252757816104,0.005530930571977842,0.005530930571977842,0.7181763045461925,True
run_mu0.20000_ke0.90_d0160.0000.csv,0.2,0.9,160.0,1.0,0.37094252757816104,0.005530930571977842,0.005530930571977842,0.7181763045461925,True
run_mu0.20000_ke1.00_d0140.0000.csv,0.2,1.0,140.0,1.0,0.37132378010271766,0.005533021905220715,0.005533021905220715,0.7179077305182688,True
run_mu0.20000_ke1.00_d0145.0000.csv,0.2,1.0,145.0,1.0,0.37132378010271766,0.005533021905220715,0.005533021905220715,0.7179077305182688,True
run_mu0.20000_ke1.00_d0149.9992.csv,0.2,1.0,149.9992314,1.0,0.37132378010271766,0.005533021905220715,0.005533021905220715,0.7179077305182688,True
run_mu0.20000_ke1.00_d0155.0000.csv,0.2,1.0,155.0,1.0,0.37132378010271766,0.005533021905220715,0.005533021905220715,0.7179077305182688,True
run_mu0.20000_ke1.00_d0160.0000.csv,0.2,1.0,160.0,1.0,0.37132378010271766,0.005533021905220715,0.005533021905220715,0.7179077305182688,True
run_mu0.25000_ke0.00_d0140.0000.csv,0.25,0.0,140.0,1.0,0.2860567363303612,0.005178513705328597,0.005178513705328597,0.7666388899871495,True
run_mu0.25000_ke0.00_d0145.0000.csv,0.25,0.0,145.0,1.0,0.2860567363303612,0.005178513705328597,0.005178513705328597,0.7666388899871495,True
run_mu0.25000_ke0.00_d0149.9992.csv,0.25,0.0,149.9992314,1.0,0.2860567363303612,0.005178513705328597,0.005178513705328597,0.7666388899871495,True
run_mu0.25000_ke0.00_d0155.0000.csv,0.25,0.0,155.0,1.0,0.2860567363303612,0.005178513705328597,0.005178513705328597,0.7666388899871495,True
run_mu0.25000_ke0.00_d0160.0000.csv,0.25,0.0,160.0,1.0,0.2860567363303612,0.005178513705328597,0.005178513705328597,0.7666388899871495,True
run_mu0.25000_ke0.10_d0140.0000.csv,0.25,0.1,140.0,1.0,0.286383912130185,0.005180489553432108,0.005180489553432108,0.7663495655939406,True
run_mu0.25000_ke0.10_d0145.0000.csv,0.25,0.1,145.0,1.0,0.286383912130185,0.005180489553432108,0.005180489553432108,0.7663495655939406,True
run_mu0.25000_ke0.10_d0149.9992.csv,0.25,0.1,149.9992314,1.0,0.286383912130185,0.005180489553432108,0.005180489553432108,0.7663495655939406,True
run_mu0.25000_ke0.10_d0155.0000.csv,0.25,0.1,155.0,1.0,0.286383912130185,0.005180489553432108,0.005180489553432108,0.7663495655939406,True
run_mu0.25000_ke0.10_d0160.0000.csv,0.25,0.1,160.0,1.0,0.286383912130185,0.005180489553432108,0.005180489553432108,0.7663495655939406,True
run_mu0.25000_ke0.20_d0140.0000.csv,0.25,0.2,140.0,1.0,0.28671108793000916,0.005182465401535614,0.005182465401535614,0.7660604618142858,True
run_mu0.25000_ke0.20_d0145.0000.csv,0.25,0.2,145.0,1.0,0.28671108793000916,0.005182465401535614,0.005182465401535614,0.7660604618142858,True
run_mu0.25000_ke0.20_d0149.9992.csv,0.25,0.2,149.9992314,1.0,0.28671108793000916,0.005182465401535614,0.005182465401535614,0.7660604618142858,True
run_mu0.25000_ke0.20_d0155.0000.csv,0.25,0.2,155.0,1.0,0.28671108793000916,0.005182465401535614,0.005182465401535614,0.7660604618142858,True
run_mu0.25000_ke0.20_d0160.0000.csv,0.25,0.2,160.0,1.0,0.28671108793000916,0.005182465401535614,0.005182465401535614,0.7660604618142858,True
run_mu0.25000_ke0.30_d0140.0000.csv,0.25,0.3,140.0,1.0,0.28703826372983365,0.005184441249639127,0.005184441249639127,0.7657715783959487,True
run_mu0.25000_ke0.30_d0145.0000.csv,0.25,0.3,145.0,1.0,0.28703826372983365,0.005184441249639127,0.005184441249639127,0.7657715783959487,True
run_mu0.25000_ke0.30_d0149.9992.csv,0.25,0.3,149.9992314,1.0,0.28703826372983365,0.005184441249639127,0.005184441249639127,0.7657715783959487,True
run_mu0.25000_ke0.30_d0155.0000.csv,0.25,0.3,155.0,1.0,0.28703826372983365,0.005184441249639127,0.005184441249639127,0.7657715783959487,True
run_mu0.25000_ke0.30_d0160.0000.csv,0.25,0.3,160.0,1.0,0.28703826372983365,0.005184441249639127,0.005184441249639127,0.7657715783959487,True
run_mu0.25000_ke0.40_d0140.0000.csv,0.25,0.4,140.0,1.0,0.2873654395296576,0.005186417097742648,0.005186417097742648,0.7654829150870781,True
run_mu0.25000_ke0.40_d0145.0000.csv,0.25,0.4,145.0,1.0,0.2873654395296576,0.005186417097742648,0.005186417097742648,0.7654829150870781,True
run_mu0.25000_ke0.40_d0149.9992.csv,0.25,0.4,149.9992314,1.0,0.2873654395296576,0.005186417097742648,0.005186417097742648,0.7654829150870781,True
run_mu0.25000_ke0.40_d0155.0000.csv,0.25,0.4,155.0,1.0,0.2873654395296576,0.005186417097742648,0.005186417097742648,0.7654829150870781,True
run_mu0.25000_ke0.40_d0160.0000.csv,0.25,0.4,160.0,1.0,0.2873654395296576,0.005186417097742648,0.005186417097742648,0.7654829150870781,True
run_mu0.25000_ke0.50_d0140.0000.csv,0.25,0.5,140.0,1.0,0.2876926153294815,0.005188392945846163,0.005188392945846163,0.7651944716362096,True
run_mu0.25000_ke0.50_d0145.0000.csv,0.25,0.5,145.0,1.0,0.2876926153294815,0.005188392945846163,0.005188392945846163,0.7651944716362096,True
run_mu0.25000_ke0.50_d0149.9992.csv,0.25,0.5,149.9992314,1.0,0.2876926153294815,0.005188392945846163,0.005188392945846163,0.7651944716362096,True
run_mu0.25000_ke0.50_d0155.0000.csv,0.25,0.5,155.0,1.0,0.2876926153294815,0.005188392945846163,0.005188392945846163,0.7651944716362096,True
run_mu0.25000_ke0.50_d0160.0000.csv,0.25,0.5,160.0,1.0,0.2876926153294815,0.005188392945846163,0.005188392945846163,0.7651944716362096,True
run_mu0.25000_ke0.60_d0140.0000.csv,0.25,0.6,140.0,1.0,0.2880197911293059,0.005190368793949672,0.005190368793949672,0.7649062477922594,True
run_mu0.25000_ke0.60_d0145.0000.csv,0.25,0.6,145.0,1.0,0.2880197911293059,0.005190368793949672,0.005190368793949672,0.7649062477922594,True
run_mu0.25000_ke0.60_d0149.9992.csv,0.25,0.6,149.9992314,1.0,0.2880197911293059,0.005190368793949672,0.005190368793949672,0.7649062477922594,True
run_mu0.25000_ke0.60_d0155.0000.csv,0.25,0.6,155.0,1.0,0.2880197911293059,0.005190368793949672,0.005190368793949672,0.7649062477922594,True
run_mu0.25000_ke0.60_d0160.0000.csv,0.25,0.6,160.0,1.0,0.2880197911293059,0.005190368793949672,0.005190368793949672,0.7649062477922594,True
run_mu0.25000_ke0.70_d0140.0000.csv,0.25,0.7,140.0,1.0,0.28834696692913,0.00519234464205318,0.00519234464205318,0.7646182433045249,True
run_mu0.25000_ke0.70_d0145.0000.csv,0.25,0.7,145.0,1.0,0.28834696692913,0.00519234464205318,0.00519234464205318,0.7646182433045249,True
run_mu0.25000_ke0.70_d0149.9992.csv,0.25,0.7,149.9992314,1.0,0.28834696692913,0.00519234464205318,0.00519234464205318,0.7646182433045249,True
run_mu0.25000_ke0.70_d0155.0000.csv,0.25,0.7,155.0,1.0,0.28834696692913,0.00519234464205318,0.00519234464205318,0.7646182433045249,True
run_mu0.25000_ke0.70_d0160.0000.csv,0.25,0.7,160.0,1.0,0.28834696692913,0.00519234464205318,0.00519234464205318,0.7646182433045249,True
run_mu0.25000_ke0.80_d0140.0000.csv,0.25,0.8,140.0,1.0,0.28867414272895403,0.005194320490156696,0.005194320490156696,0.7643304579226845,True
run_mu0.25000_ke0.80_d0145.0000.csv,0.25,0.8,145.0,1.0,0.28867414272895403,0.005194320490156696,0.005194320490156696,0.7643304579226845,True
run_mu0.25000_ke0.80_d0149.9992.csv,0.25,0.8,149.9992314,1.0,0.28867414272895403,0.005194320490156696,0.005194320490156696,0.7643304579226845,True
run_mu0.25000_ke0.80_d0155.0000.csv,0.25,0.8,155.0,1.0,0.28867414272895403,0.005194320490156696,0.005194320490156696,0.7643304579226845,True
run_mu0.25000_ke0.80_d0160.0000.csv,0.25,0.8,160.0,1.0,0.28867414272895403,0.005194320490156696,0.005194320490156696,0.7643304579226845,True
run_mu0.25000_ke0.90_d0140.0000.csv,0.25,0.9,140.0,1.0,0.28900131852877853,0.005196296338260214,0.005196296338260214,0.7640428913967999,True
run_mu0.25000_ke0.90_d0145.0000.csv,0.25,0.9,145.0,1.0,0.28900131852877853,0.005196296338260214,0.005196296338260214,0.7640428913967999,True
run_mu0.25000_ke0.90_d0149.9992.csv,0.25,0.9,149.9992314,1.0,0.28900131852877853,0.005196296338260214,0.005196296338260214,0.7640428913967999,True
run_mu0.25000_ke0.90_d0155.0000.csv,0.25,0.9,155.0,1.0,0.28900131852877853,0.005196296338260214,0.005196296338260214,0.7640428913967999,True
run_mu0.25000_ke0.90_d0160.0000.csv,0.25,0.9,160.0,1.0,0.28900131852877853,0.005196296338260214,0.005196296338260214,0.7640428913967999,True
run_mu0.25000_ke1.00_d0140.0000.csv,0.25,1.0,140.0,1.0,0.2893284943286027,0.005198272186363728,0.005198272186363728,0.7637555434773119,True
run_mu0.25000_ke1.00_d0145.0000.csv,0.25,1.0,145.0,1.0,0.2893284943286027,0.005198272186363728,0.005198272186363728,0.7637555434773119,True
run_mu0.25000_ke1.00_d0149.9992.csv,0.25,1.0,149.9992314,1.0,0.2893284943286027,0.005198272186363728,0.005198272186363728,0.7637555434773119,True
run_mu0.25000_ke1.00_d0155.0000.csv,0.25,1.0,155.0,1.0,0.2893284943286027,0.005198272186363728,0.005198272186363728,0.7637555434773119,True
run_mu0.25000_ke1.00_d0160.0000.csv,0.25,1.0,160.0,1.0,0.2893284943286027,0.005198272186363728,0.005198272186363728,0.7637555434773119,True
run_mu0.30000_ke0.00_d0140.0000.csv,0.3,0.0,140.0,1.0,0.22262767757661106,0.004879147675702857,0.004879147675702857,0.8132690917616697,True
run_mu0.30000_ke0.00_d0145.0000.csv,0.3,0.0,145.0,1.0,0.22262767757661106,0.004879147675702857,0.004879147675702857,0.8132690917616697,True
run_mu0.30000_ke0.00_d0149.9992.csv,0.3,0.0,149.9992314,1.0,0.22262767757661106,0.004879147675702857,0.004879147675702857,0.8132690917616697,True
run_mu0.30000_ke0.00_d0155.0000.csv,0.3,0.0,155.0,1.0,0.22262767757661106,0.004879147675702857,0.004879147675702857,0.8132690917616697,True
run_mu0.30000_ke0.00_d0160.0000.csv,0.3,0.0,160.0,1.0,0.22262767757661106,0.004879147675702857,0.004879147675702857,0.8132690917616697,True
run_mu0.30000_ke0.10_d0140.0000.csv,0.3,0.1,140.0,1.0,0.22290978920888385,0.004881018753772991,0.004881018753772991,0.8129605967448781,True
run_mu0.30000_ke0.10_d0145.0000.csv,0.3,0.1,145.0,1.0,0.22290978920888385,0.004881018753772991,0.004881018753772991,0.8129605967448781,True
run_mu0.30000_ke0.10_d0149.9992.csv,0.3,0.1,149.9992314,1.0,0.22290978920888385,0.004881018753772991,0.004881018753772991,0.8129605967448781,True
run_mu0.30000_ke0.10_d0155.0000.csv,0.3,0.1,155.0,1.0,0.22290978920888385,0.004881018753772991,0.004881018753772991,0.8129605967448781,True
run_mu0.30000_ke0.10_d0160.0000.csv,0.3,0.1,160.0,1.0,0.22290978920888385,0.004881018753772991,0.004881018753772991,0.8129605967448781,True
run_mu0.30000_ke0.20_d0140.0000.csv,0.3,0.2,140.0,1.0,0.22319190084115623,0.004882889831843125,0.004882889831843125,0.8126523381529412,True
run_mu0.30000_ke0.20_d0145.0000.csv,0.3,0.2,145.0,1.0,0.22319190084115623,0.004882889831843125,0.004882889831843125,0.8126523381529412,True
run_mu0.30000_ke0.20_d0149.9992.csv,0.3,0.2,149.9992314,1.0,0.22319190084115623,0.004882889831843125,0.004882889831843125,0.8126523381529412,True
run_mu0.30000_ke0.20_d0155.0000.csv,0.3,0.2,155.0,1.0,0.22319190084115623,0.004882889831843125,0.004882889831843125,0.8126523381529412,True
run_mu0.30000_ke0.20_d0160.0000.csv,0.3,0.2,160.0,1.0,0.22319190084115623,0.004882889831843125,0.004882889831843125,0.8126523381529412,True
run_mu0.30000_ke0.30_d0140.0000.csv,0.3,0.3,140.0,1.0,0.22347401247342974,0.004884760909913276,0.004884760909913276,0.8123443157141738,True
run_mu0.30000_ke0.30_d0145.0000.csv,0.3,0.3,145.0,1.0,0.22347401247342974,0.004884760909913276,0.004884760909913276,0.8123443157141738,True
run_mu0.30000_ke0.30_d0149.9992.csv,0.3,0.3,149.9992314,1.0,0.22347401247342974,0.004884760909913276,0.004884760909913276,0.8123443157141738,True
run_mu0.30000_ke0.30_d0155.0000.csv,0.3,0.3,155.0,1.0,0.22347401247342974,0.004884760909913276,0.004884760909913276,0.8123443157141738,True
run_mu0.30000_ke0.30_d0160.0000.csv,0.3,0.3,160.0,1.0,0.22347401247342974,0.004884760909913276,0.004884760909913276,0.8123443157141738,True
run_mu0.30000_ke0.40_d0140.0000.csv,0.3,0.4,140.0,1.0,0.22375612410570167,0.004886631987983418,0.004886631987983418,0.8120365291573123,True
run_mu0.30000_ke0.40_d0145.0000.csv,0.3,0.4,145.0,1.0,0.22375612410570167,0.004886631987983418,0.004886631987983418,0.8120365291573123,True
run_mu0.30000_ke0.40_d0149.9992.csv,0.3,0.4,149.9992314,1.0,0.22375612410570167,0.004886631987983418,0.004886631987983418,0.8120365291573123,True
run_mu0.30000_ke0.40_d0155.0000.csv,0.3,0.4,155.0,1.0,0.22375612410570167,0.004886631987983418,0.004886631987983418,0.8120365291573123,True
run_mu0.30000_ke0.40_d0160.0000.csv,0.3,0.4,160.0,1.0,0.22375612410570167,0.004886631987983418,0.004886631987983418,0.8120365291573123,True
run_mu0.30000_ke0.50_d0140.0000.csv,0.3,0.5,140.0,1.0,0.2240382357379746,0.004888503066053556,0.004888503066053556,0.8117289782115038,True
run_mu0.30000_ke0.50_d0145.0000.csv,0.3,0.5,145.0,1.0,0.2240382357379746,0.004888503066053556,0.004888503066053556,0.8117289782115038,True
run_mu0.30000_ke0.50_d0149.9992.csv,0.3,0.5,149.9992314,1.0,0.2240382357379746,0.004888503066053556,0.004888503066053556,0.8117289782115038,True
run_mu0.30000_ke0.50_d0155.0000.csv,0.3,0.5,155.0,1.0,0.2240382357379746,0.004888503066053556,0.004888503066053556,0.8117289782115038,True
run_mu0.30000_ke0.50_d0160.0000.csv,0.3,0.5,160.0,1.0,0.2240382357379746,0.004888503066053556,0.004888503066053556,0.8117289782115038,True
run_mu0.30000_ke0.60_d0140.0000.csv,0.3,0.6,140.0,1.0,0.22432034737024728,0.004890374144123704,0.004890374144123704,0.8114216626063091,True
run_mu0.30000_ke0.60_d0145.0000.csv,0.3,0.6,145.0,1.0,0.22432034737024728,0.004890374144123704,0.004890374144123704,0.8114216626063091,True
run_mu0.30000_ke0.60_d0149.9992.csv,0.3,0.6,149.9992314,1.0,0.22432034737024728,0.004890374144123704,0.004890374144123704,0.8114216626063091,True
run_mu0.30000_ke0.60_d0155.0000.csv,0.3,0.6,155.0,1.0,0.22432034737024728,0.004890374144123704,0.004890374144123704,0.8114216626063091,True
run_mu0.30000_ke0.60_d0160.0000.csv,0.3,0.6,160.0,1.0,0.22432034737024728,0.004890374144123704,0.004890374144123704,0.8114216626063091,True
run_mu0.30000_ke0.70_d0140.0000.csv,0.3,0.7,140.0,1.0,0.22460245900251968,0.004892245222193839,0.004892245222193839,0.8111145820717084,True
run_mu0.30000_ke0.70_d0145.0000.csv,0.3,0.7,145.0,1.0,0.22460245900251968,0.004892245222193839,0.004892245222193839,0.8111145820717084,True
run_mu0.30000_ke0.70_d0149.9992.csv,0.3,0.7,149.9992314,1.0,0.22460245900251968,0.004892245222193839,0.004892245222193839,0.8111145820717084,True
run_mu0.30000_ke0.70_d0155.0000.csv,0.3,0.7,155.0,1.0,0.22460245900251968,0.004892245222193839,0.004892245222193839,0.8111145820717084,True
run_mu0.30000_ke0.70_d0160.0000.csv,0.3,0.7,160.0,1.0,0.22460245900251968,0.004892245222193839,0.004892245222193839,0.8111145820717084,True
run_mu0.30000_ke0.80_d0140.0000.csv,0.3,0.8,140.0,1.0,0.2248845706347926,0.004894116300263978,0.004894116300263978,0.8108077363380878,True
run_mu0.30000_ke0.80_d0145.0000.csv,0.3,0.8,145.0,1.0,0.2248845706347926,0.004894116300263978,0.004894116300263978,0.8108077363380878,True
run_mu0.30000_ke0.80_d0149.9992.csv,0.3,0.8,149.9992314,1.0,0.2248845706347926,0.004894116300263978,0.004894116300263978,0.8108077363380878,True
run_mu0.30000_ke0.80_d0155.0000.csv,0.3,0.8,155.0,1.0,0.2248845706347926,0.004894116300263978,0.004894116300263978,0.8108077363380878,True
run_mu0.30000_ke0.80_d0160.0000.csv,0.3,0.8,160.0,1.0,0.2248845706347926,0.004894116300263978,0.004894116300263978,0.8108077363380878,True
run_mu0.30000_ke0.90_d0140.0000.csv,0.3,0.9,140.0,1.0,0.22516668226706496,0.004895987378334124,0.004895987378334124,0.8105011251362483,True
run_mu0.30000_ke0.90_d0145.0000.csv,0.3,0.9,145.0,1.0,0.22516668226706496,0.004895987378334124,0.004895987378334124,0.8105011251362483,True
run_mu0.30000_ke0.90_d0149.9992.csv,0.3,0.9,149.9992314,1.0,0.22516668226706496,0.004895987378334124,0.004895987378334124,0.8105011251362483,True
run_mu0.30000_ke0.90_d0155.0000.csv,0.3,0.9,155.0,1.0,0.22516668226706496,0.004895987378334124,0.004895987378334124,0.8105011251362483,True
run_mu0.30000_ke0.90_d0160.0000.csv,0.3,0.9,160.0,1.0,0.22516668226706496,0.004895987378334124,0.004895987378334124,0.8105011251362483,True
run_mu0.30000_ke1.00_d0140.0000.csv,0.3,1.0,140.0,1.0,0.22544879389933795,0.004897858456404264,0.004897858456404264,0.8101947481974049,True
run_mu0.30000_ke1.00_d0145.0000.csv,0.3,1.0,145.0,1.0,0.22544879389933795,0.004897858456404264,0.004897858456404264,0.8101947481974049,True
run_mu0.30000_ke1.00_d0149.9992.csv,0.3,1.0,149.9992314,1.0,0.22544879389933795,0.004897858456404264,0.004897858456404264,0.8101947481974049,True
run_mu0.30000_ke1.00_d0155.0000.csv,0.3,1.0,155.0,1.0,0.22544879389933795,0.004897858456404264,0.004897858456404264,0.8101947481974049,True
run_mu0.30000_ke1.00_d0160.0000.csv,0.3,1.0,160.0,1.0,0.22544879389933795,0.004897858456404264,0.004897858456404264,0.8101947481974049,True
